examQuestionId,examId,section,sectionOrder,questionNumber,examSequence,passageId,passageTitle,passageType,itemStatus,isScored,isOptionalSection,difficulty,responseType,questionText,choice1,choice2,choice3,choice4,answer,answerChoicePosition,pictureKey,contentDomain,officialSkill,secondaryClassification,teachingTopic,answerExplanation,distractorRationale,passageWordCount,estimatedTimeSeconds,internalSimilarityMax,qaAnswerCheck,qaBlueprintMatch,autoQAScore,reviewStatus,sourceOutlineUrl,officialReferenceUrl,authoringNote,maximumRawPoints,scoringRubric,imageAssetKey,imageSourceUrl,imageLicense,workIdentifiers
AP_CALCULUS_BC_M1-1-Q001,ap_calculus_bc_mock_exam_1,Multiple Choice,1,1,1,ap_calculus_bc_mock_exam_1-1-SET-01,Limits and Continuity stimulus 1,Original visual stimulus set,Candidate,true,false,Easy,Multiple Choice,"A function approaches the same finite value from both sides of x=a, but f(a) is undefined.

Which statement most accurately explains the relevant course concept?",The concept is correctly explained because no definition can make the function continuous.,The concept is correctly explained because defining f(a) to equal the limit creates a removable continuous extension.,The concept is correctly explained because the limit must be infinite.,The concept is correctly explained because continuity depends only on the derivative at a.,B,2,https://img.justsolvely.com/followUpImage/9d42bc84-9fdb-4534-a16a-05b7a46b161f-1786446189015-626.webp,Limits and Continuity,Mathematical/Computational Practices,Stimulus-based math and computer science reasoning,Limits and Continuity,A removable discontinuity is repaired by matching the function value to the limit.,"The three distractors reverse the relationship, overgeneralize beyond the evidence, or invoke a neighboring but inapplicable concept.",16,143,0.548,true,true,0.92,Candidate pool — automated QA passed; SME editorial review and pilot calibration required,https://pf6xrzskv9.feishu.cn/docx/I4kbdmNLKo2UYvxnaNecwqPBnre?from=from_copylink,https://apcentral.collegeboard.org/courses/ap-calculus-bc/exam,Original parallel mock item. Modeled on the current official AP course framework and public exam format; no official question text is reproduced. Automated blueprint and key checks are complete; subject-matter editorial review and student pilot data are still required before operational use.,1,1 point for the correct answer; 0 points otherwise.,AP_CALCULUS_BC_M1_VIS01,,Original diagram generated with Python/Pillow for this mock exam.,AP Calculus BC | Limits and Continuity
AP_CALCULUS_BC_M1-1-Q002,ap_calculus_bc_mock_exam_1,Multiple Choice,1,2,2,ap_calculus_bc_mock_exam_1-1-SET-01,Limits and Continuity stimulus 1,Original visual stimulus set,Candidate,true,false,Easy,Multiple Choice,"A function approaches the same finite value from both sides of x=a, but f(a) is undefined.

A student uses the case as evidence in an argument. Which claim is most defensible?",A defensible claim is that no definition can make the function continuous.,A defensible claim is that the limit must be infinite.,A defensible claim is that defining f(a) to equal the limit creates a removable continuous extension.,A defensible claim is that continuity depends only on the derivative at a.,C,3,https://img.justsolvely.com/followUpImage/9d42bc84-9fdb-4534-a16a-05b7a46b161f-1786446189015-626.webp,Limits and Continuity,Representations,Stimulus-based math and computer science reasoning,Limits and Continuity,A removable discontinuity is repaired by matching the function value to the limit.,"The three distractors reverse the relationship, overgeneralize beyond the evidence, or invoke a neighboring but inapplicable concept.",16,143,0.529,true,true,0.92,Candidate pool — automated QA passed; SME editorial review and pilot calibration required,https://pf6xrzskv9.feishu.cn/docx/I4kbdmNLKo2UYvxnaNecwqPBnre?from=from_copylink,https://apcentral.collegeboard.org/courses/ap-calculus-bc/exam,Original parallel mock item. Modeled on the current official AP course framework and public exam format; no official question text is reproduced. Automated blueprint and key checks are complete; subject-matter editorial review and student pilot data are still required before operational use.,1,1 point for the correct answer; 0 points otherwise.,AP_CALCULUS_BC_M1_VIS01,,Original diagram generated with Python/Pillow for this mock exam.,AP Calculus BC | Limits and Continuity
AP_CALCULUS_BC_M1-1-Q003,ap_calculus_bc_mock_exam_1,Multiple Choice,1,3,3,ap_calculus_bc_mock_exam_1-1-SET-01,Limits and Continuity stimulus 1,Original visual stimulus set,Candidate,true,false,Medium,Multiple Choice,"A function approaches the same finite value from both sides of x=a, but f(a) is undefined.

Which interpretation best connects the evidence to the governing principle?",The evidence supports the interpretation that no definition can make the function continuous.,The evidence supports the interpretation that the limit must be infinite.,The evidence supports the interpretation that continuity depends only on the derivative at a.,The evidence supports the interpretation that defining f(a) to equal the limit creates a removable continuous extension.,D,4,https://img.justsolvely.com/followUpImage/9d42bc84-9fdb-4534-a16a-05b7a46b161f-1786446189015-626.webp,Limits and Continuity,Procedural Execution,Stimulus-based math and computer science reasoning,Limits and Continuity,A removable discontinuity is repaired by matching the function value to the limit.,"The three distractors reverse the relationship, overgeneralize beyond the evidence, or invoke a neighboring but inapplicable concept.",16,143,0.548,true,true,0.92,Candidate pool — automated QA passed; SME editorial review and pilot calibration required,https://pf6xrzskv9.feishu.cn/docx/I4kbdmNLKo2UYvxnaNecwqPBnre?from=from_copylink,https://apcentral.collegeboard.org/courses/ap-calculus-bc/exam,Original parallel mock item. Modeled on the current official AP course framework and public exam format; no official question text is reproduced. Automated blueprint and key checks are complete; subject-matter editorial review and student pilot data are still required before operational use.,1,1 point for the correct answer; 0 points otherwise.,AP_CALCULUS_BC_M1_VIS01,,Original diagram generated with Python/Pillow for this mock exam.,AP Calculus BC | Limits and Continuity
AP_CALCULUS_BC_M1-1-Q004,ap_calculus_bc_mock_exam_1,Multiple Choice,1,4,4,ap_calculus_bc_mock_exam_1-1-SET-02,Contextual Applications of Differentiation stimulus 2,Original visual stimulus set,Candidate,true,false,Medium,Multiple Choice,"A particle's acceleration and velocity have opposite signs on an interval.

Which statement most accurately explains the relevant course concept?",The concept is correctly explained because the particle's speed decreases on that interval.,The concept is correctly explained because the particle must move in the positive direction.,The concept is correctly explained because the speed increases because acceleration is nonzero.,The concept is correctly explained because the particle's position is constant.,A,1,https://img.justsolvely.com/followUpImage/af1b419c-8387-441b-9664-1932683ded35-1786446190358-230.webp,Contextual Applications of Differentiation,Justification,Stimulus-based math and computer science reasoning,Contextual Applications of Differentiation,Opposite velocity and acceleration signs reduce the magnitude of velocity.,"The three distractors reverse the relationship, overgeneralize beyond the evidence, or invoke a neighboring but inapplicable concept.",11,143,0.5,true,true,0.92,Candidate pool — automated QA passed; SME editorial review and pilot calibration required,https://pf6xrzskv9.feishu.cn/docx/I4kbdmNLKo2UYvxnaNecwqPBnre?from=from_copylink,https://apcentral.collegeboard.org/courses/ap-calculus-bc/exam,Original parallel mock item. Modeled on the current official AP course framework and public exam format; no official question text is reproduced. Automated blueprint and key checks are complete; subject-matter editorial review and student pilot data are still required before operational use.,1,1 point for the correct answer; 0 points otherwise.,AP_CALCULUS_BC_M1_VIS02,,Original diagram generated with Python/Pillow for this mock exam.,AP Calculus BC | Contextual Applications of Differentiation
AP_CALCULUS_BC_M1-1-Q005,ap_calculus_bc_mock_exam_1,Multiple Choice,1,5,5,ap_calculus_bc_mock_exam_1-1-SET-02,Contextual Applications of Differentiation stimulus 2,Original visual stimulus set,Candidate,true,false,Medium,Multiple Choice,"A particle's acceleration and velocity have opposite signs on an interval.

A student uses the case as evidence in an argument. Which claim is most defensible?",A defensible claim is that the particle must move in the positive direction.,A defensible claim is that the particle's speed decreases on that interval.,A defensible claim is that the speed increases because acceleration is nonzero.,A defensible claim is that the particle's position is constant.,B,2,https://img.justsolvely.com/followUpImage/af1b419c-8387-441b-9664-1932683ded35-1786446190358-230.webp,Contextual Applications of Differentiation,Modeling,Stimulus-based math and computer science reasoning,Contextual Applications of Differentiation,Opposite velocity and acceleration signs reduce the magnitude of velocity.,"The three distractors reverse the relationship, overgeneralize beyond the evidence, or invoke a neighboring but inapplicable concept.",11,143,0.552,true,true,0.92,Candidate pool — automated QA passed; SME editorial review and pilot calibration required,https://pf6xrzskv9.feishu.cn/docx/I4kbdmNLKo2UYvxnaNecwqPBnre?from=from_copylink,https://apcentral.collegeboard.org/courses/ap-calculus-bc/exam,Original parallel mock item. Modeled on the current official AP course framework and public exam format; no official question text is reproduced. Automated blueprint and key checks are complete; subject-matter editorial review and student pilot data are still required before operational use.,1,1 point for the correct answer; 0 points otherwise.,AP_CALCULUS_BC_M1_VIS02,,Original diagram generated with Python/Pillow for this mock exam.,AP Calculus BC | Contextual Applications of Differentiation
AP_CALCULUS_BC_M1-1-Q006,ap_calculus_bc_mock_exam_1,Multiple Choice,1,6,6,ap_calculus_bc_mock_exam_1-1-SET-02,Contextual Applications of Differentiation stimulus 2,Original visual stimulus set,Candidate,true,false,Medium,Multiple Choice,"A particle's acceleration and velocity have opposite signs on an interval.

Which interpretation best connects the evidence to the governing principle?",The evidence supports the interpretation that the particle must move in the positive direction.,The evidence supports the interpretation that the speed increases because acceleration is nonzero.,The evidence supports the interpretation that the particle's speed decreases on that interval.,The evidence supports the interpretation that the particle's position is constant.,C,3,https://img.justsolvely.com/followUpImage/af1b419c-8387-441b-9664-1932683ded35-1786446190358-230.webp,Contextual Applications of Differentiation,Mathematical/Computational Practices,Stimulus-based math and computer science reasoning,Contextual Applications of Differentiation,Opposite velocity and acceleration signs reduce the magnitude of velocity.,"The three distractors reverse the relationship, overgeneralize beyond the evidence, or invoke a neighboring but inapplicable concept.",11,143,0.5,true,true,0.92,Candidate pool — automated QA passed; SME editorial review and pilot calibration required,https://pf6xrzskv9.feishu.cn/docx/I4kbdmNLKo2UYvxnaNecwqPBnre?from=from_copylink,https://apcentral.collegeboard.org/courses/ap-calculus-bc/exam,Original parallel mock item. Modeled on the current official AP course framework and public exam format; no official question text is reproduced. Automated blueprint and key checks are complete; subject-matter editorial review and student pilot data are still required before operational use.,1,1 point for the correct answer; 0 points otherwise.,AP_CALCULUS_BC_M1_VIS02,,Original diagram generated with Python/Pillow for this mock exam.,AP Calculus BC | Contextual Applications of Differentiation
AP_CALCULUS_BC_M1-1-Q007,ap_calculus_bc_mock_exam_1,Multiple Choice,1,7,7,ap_calculus_bc_mock_exam_1-1-SET-03,Differential Equations stimulus 3,Original visual stimulus set,Candidate,true,false,Medium,Multiple Choice,"A logistic model satisfies dP/dt=kP(1-P/K).

Which statement most accurately explains the relevant course concept?",The concept is correctly explained because growth is constant for all P.,The concept is correctly explained because p=K is an unstable point with positive growth.,The concept is correctly explained because the model has no carrying capacity.,The concept is correctly explained because growth is fastest when P=K/2 and slows as P approaches K.,D,4,https://img.justsolvely.com/followUpImage/01a984c1-2f51-4a65-840f-fecd420eaaa1-1786446191903-255.webp,Differential Equations,Representations,Stimulus-based math and computer science reasoning,Differential Equations,The logistic growth term is maximized at half the carrying capacity.,"The three distractors reverse the relationship, overgeneralize beyond the evidence, or invoke a neighboring but inapplicable concept.",5,143,0.462,true,true,0.92,Candidate pool — automated QA passed; SME editorial review and pilot calibration required,https://pf6xrzskv9.feishu.cn/docx/I4kbdmNLKo2UYvxnaNecwqPBnre?from=from_copylink,https://apcentral.collegeboard.org/courses/ap-calculus-bc/exam,Original parallel mock item. Modeled on the current official AP course framework and public exam format; no official question text is reproduced. Automated blueprint and key checks are complete; subject-matter editorial review and student pilot data are still required before operational use.,1,1 point for the correct answer; 0 points otherwise.,AP_CALCULUS_BC_M1_VIS03,,Original diagram generated with Python/Pillow for this mock exam.,AP Calculus BC | Differential Equations
AP_CALCULUS_BC_M1-1-Q008,ap_calculus_bc_mock_exam_1,Multiple Choice,1,8,8,ap_calculus_bc_mock_exam_1-1-SET-03,Differential Equations stimulus 3,Original visual stimulus set,Candidate,true,false,Medium,Multiple Choice,"A logistic model satisfies dP/dt=kP(1-P/K).

A student uses the case as evidence in an argument. Which claim is most defensible?",A defensible claim is that growth is fastest when P=K/2 and slows as P approaches K.,A defensible claim is that growth is constant for all P.,A defensible claim is that p=K is an unstable point with positive growth.,A defensible claim is that the model has no carrying capacity.,A,1,https://img.justsolvely.com/followUpImage/01a984c1-2f51-4a65-840f-fecd420eaaa1-1786446191903-255.webp,Differential Equations,Procedural Execution,Stimulus-based math and computer science reasoning,Differential Equations,The logistic growth term is maximized at half the carrying capacity.,"The three distractors reverse the relationship, overgeneralize beyond the evidence, or invoke a neighboring but inapplicable concept.",5,143,0.517,true,true,0.92,Candidate pool — automated QA passed; SME editorial review and pilot calibration required,https://pf6xrzskv9.feishu.cn/docx/I4kbdmNLKo2UYvxnaNecwqPBnre?from=from_copylink,https://apcentral.collegeboard.org/courses/ap-calculus-bc/exam,Original parallel mock item. Modeled on the current official AP course framework and public exam format; no official question text is reproduced. Automated blueprint and key checks are complete; subject-matter editorial review and student pilot data are still required before operational use.,1,1 point for the correct answer; 0 points otherwise.,AP_CALCULUS_BC_M1_VIS03,,Original diagram generated with Python/Pillow for this mock exam.,AP Calculus BC | Differential Equations
AP_CALCULUS_BC_M1-1-Q009,ap_calculus_bc_mock_exam_1,Multiple Choice,1,9,9,ap_calculus_bc_mock_exam_1-1-SET-03,Differential Equations stimulus 3,Original visual stimulus set,Candidate,true,false,Hard,Multiple Choice,"A logistic model satisfies dP/dt=kP(1-P/K).

Which interpretation best connects the evidence to the governing principle?",The evidence supports the interpretation that growth is constant for all P.,The evidence supports the interpretation that growth is fastest when P=K/2 and slows as P approaches K.,The evidence supports the interpretation that p=K is an unstable point with positive growth.,The evidence supports the interpretation that the model has no carrying capacity.,B,2,https://img.justsolvely.com/followUpImage/01a984c1-2f51-4a65-840f-fecd420eaaa1-1786446191903-255.webp,Differential Equations,Justification,Stimulus-based math and computer science reasoning,Differential Equations,The logistic growth term is maximized at half the carrying capacity.,"The three distractors reverse the relationship, overgeneralize beyond the evidence, or invoke a neighboring but inapplicable concept.",5,143,0.462,true,true,0.92,Candidate pool — automated QA passed; SME editorial review and pilot calibration required,https://pf6xrzskv9.feishu.cn/docx/I4kbdmNLKo2UYvxnaNecwqPBnre?from=from_copylink,https://apcentral.collegeboard.org/courses/ap-calculus-bc/exam,Original parallel mock item. Modeled on the current official AP course framework and public exam format; no official question text is reproduced. Automated blueprint and key checks are complete; subject-matter editorial review and student pilot data are still required before operational use.,1,1 point for the correct answer; 0 points otherwise.,AP_CALCULUS_BC_M1_VIS03,,Original diagram generated with Python/Pillow for this mock exam.,AP Calculus BC | Differential Equations
AP_CALCULUS_BC_M1-1-Q010,ap_calculus_bc_mock_exam_1,Multiple Choice,1,10,10,ap_calculus_bc_mock_exam_1-1-SET-04,Infinite Sequences and Series stimulus 4,Original text stimulus set,Candidate,true,false,Hard,Multiple Choice,"A power series has radius of convergence R.

Which statement most accurately explains the relevant course concept?",The concept is correctly explained because it diverges at every endpoint and inside the interval.,The concept is correctly explained because the radius determines endpoint behavior automatically.,"The concept is correctly explained because inside |x-a|<R it converges absolutely, while endpoints require separate tests.",The concept is correctly explained because absolute convergence occurs only outside the radius.,C,3,,Infinite Sequences and Series,Modeling,Stimulus-based math and computer science reasoning,Infinite Sequences and Series,Power-series endpoint behavior is not determined by the radius alone.,"The three distractors reverse the relationship, overgeneralize beyond the evidence, or invoke a neighboring but inapplicable concept.",8,143,0.567,true,true,0.92,Candidate pool — automated QA passed; SME editorial review and pilot calibration required,https://pf6xrzskv9.feishu.cn/docx/I4kbdmNLKo2UYvxnaNecwqPBnre?from=from_copylink,https://apcentral.collegeboard.org/courses/ap-calculus-bc/exam,Original parallel mock item. Modeled on the current official AP course framework and public exam format; no official question text is reproduced. Automated blueprint and key checks are complete; subject-matter editorial review and student pilot data are still required before operational use.,1,1 point for the correct answer; 0 points otherwise.,,,,AP Calculus BC | Infinite Sequences and Series
AP_CALCULUS_BC_M1-1-Q011,ap_calculus_bc_mock_exam_1,Multiple Choice,1,11,11,ap_calculus_bc_mock_exam_1-1-SET-04,Limits and Continuity stimulus 4,Original text stimulus set,Candidate,true,false,Easy,Multiple Choice,"A function approaches the same finite value from both sides of x=a, but f(a) is undefined. In replication 2, the same relationship is evaluated under a new but comparable set of conditions.

Which response best corrects a common misconception about the case?","In the follow-up setting, the misconception is corrected by noting that no definition can make the function continuous.","In the follow-up setting, the misconception is corrected by noting that the limit must be infinite.","In the follow-up setting, the misconception is corrected by noting that continuity depends only on the derivative at a.","In the follow-up setting, the misconception is corrected by noting that defining f(a) to equal the limit creates a removable continuous extension.",D,4,,Limits and Continuity,Mathematical/Computational Practices,Stimulus-based math and computer science reasoning,Limits and Continuity,A removable discontinuity is repaired by matching the function value to the limit.,"The three distractors reverse the relationship, overgeneralize beyond the evidence, or invoke a neighboring but inapplicable concept.",16,143,0.667,true,true,0.92,Candidate pool — automated QA passed; SME editorial review and pilot calibration required,https://pf6xrzskv9.feishu.cn/docx/I4kbdmNLKo2UYvxnaNecwqPBnre?from=from_copylink,https://apcentral.collegeboard.org/courses/ap-calculus-bc/exam,Original parallel mock item. Modeled on the current official AP course framework and public exam format; no official question text is reproduced. Automated blueprint and key checks are complete; subject-matter editorial review and student pilot data are still required before operational use.,1,1 point for the correct answer; 0 points otherwise.,,,,AP Calculus BC | Limits and Continuity
AP_CALCULUS_BC_M1-1-Q012,ap_calculus_bc_mock_exam_1,Multiple Choice,1,12,12,ap_calculus_bc_mock_exam_1-1-SET-04,Differentiation: Definition and Fundamental Properties stimulus 4,Original text stimulus set,Candidate,true,false,Easy,Multiple Choice,"A velocity function v(t) is differentiable.

Which statement most accurately explains the relevant course concept?","The concept is correctly explained because acceleration is v'(t), and speed increases when v and v' have the same sign.",The concept is correctly explained because acceleration is the integral of velocity only.,"The concept is correctly explained because speed increases whenever v' is positive, regardless of v.",The concept is correctly explained because speed is the signed value of velocity.,A,1,,Differentiation: Definition and Fundamental Properties,Representations,Stimulus-based math and computer science reasoning,Differentiation: Definition and Fundamental Properties,"Speed is |v|, so its change depends on the signs of velocity and acceleration.","The three distractors reverse the relationship, overgeneralize beyond the evidence, or invoke a neighboring but inapplicable concept.",6,143,0.571,true,true,0.92,Candidate pool — automated QA passed; SME editorial review and pilot calibration required,https://pf6xrzskv9.feishu.cn/docx/I4kbdmNLKo2UYvxnaNecwqPBnre?from=from_copylink,https://apcentral.collegeboard.org/courses/ap-calculus-bc/exam,Original parallel mock item. Modeled on the current official AP course framework and public exam format; no official question text is reproduced. Automated blueprint and key checks are complete; subject-matter editorial review and student pilot data are still required before operational use.,1,1 point for the correct answer; 0 points otherwise.,,,,AP Calculus BC | Differentiation: Definition and Fundamental Properties
AP_CALCULUS_BC_M1-1-Q013,ap_calculus_bc_mock_exam_1,Multiple Choice,1,13,13,ap_calculus_bc_mock_exam_1-1-SET-05,"Differentiation: Composite, Implicit, and Inverse Functions stimulus 5",Original text stimulus set,Candidate,true,false,Medium,Multiple Choice,"The inverse function g=f⁻¹ exists and f'(g(y)) is nonzero.

Which statement most accurately explains the relevant course concept?",The concept is correctly explained because g'(y)=f'(y).,The concept is correctly explained because g'(y)=1/f'(g(y)).,The concept is correctly explained because g'(y)=-f'(g(y)).,The concept is correctly explained because g'(y)=1/f'(y) without evaluating at g(y).,B,2,,"Differentiation: Composite, Implicit, and Inverse Functions",Procedural Execution,Stimulus-based math and computer science reasoning,"Differentiation: Composite, Implicit, and Inverse Functions",The inverse derivative formula follows from differentiating f(g(y))=y.,"The three distractors reverse the relationship, overgeneralize beyond the evidence, or invoke a neighboring but inapplicable concept.",9,143,0.458,true,true,0.92,Candidate pool — automated QA passed; SME editorial review and pilot calibration required,https://pf6xrzskv9.feishu.cn/docx/I4kbdmNLKo2UYvxnaNecwqPBnre?from=from_copylink,https://apcentral.collegeboard.org/courses/ap-calculus-bc/exam,Original parallel mock item. Modeled on the current official AP course framework and public exam format; no official question text is reproduced. Automated blueprint and key checks are complete; subject-matter editorial review and student pilot data are still required before operational use.,1,1 point for the correct answer; 0 points otherwise.,,,,"AP Calculus BC | Differentiation: Composite, Implicit, and Inverse Functions"
AP_CALCULUS_BC_M1-1-Q014,ap_calculus_bc_mock_exam_1,Multiple Choice,1,14,14,ap_calculus_bc_mock_exam_1-1-SET-05,Contextual Applications of Differentiation stimulus 5,Original text stimulus set,Candidate,true,false,Medium,Multiple Choice,"A particle's acceleration and velocity have opposite signs on an interval. In replication 2, the same relationship is evaluated under a new but comparable set of conditions.

Which response best corrects a common misconception about the case?","In the follow-up setting, the misconception is corrected by noting that the particle must move in the positive direction.","In the follow-up setting, the misconception is corrected by noting that the speed increases because acceleration is nonzero.","In the follow-up setting, the misconception is corrected by noting that the particle's speed decreases on that interval.","In the follow-up setting, the misconception is corrected by noting that the particle's position is constant.",C,3,,Contextual Applications of Differentiation,Justification,Stimulus-based math and computer science reasoning,Contextual Applications of Differentiation,Opposite velocity and acceleration signs reduce the magnitude of velocity.,"The three distractors reverse the relationship, overgeneralize beyond the evidence, or invoke a neighboring but inapplicable concept.",11,143,0.651,true,true,0.92,Candidate pool — automated QA passed; SME editorial review and pilot calibration required,https://pf6xrzskv9.feishu.cn/docx/I4kbdmNLKo2UYvxnaNecwqPBnre?from=from_copylink,https://apcentral.collegeboard.org/courses/ap-calculus-bc/exam,Original parallel mock item. Modeled on the current official AP course framework and public exam format; no official question text is reproduced. Automated blueprint and key checks are complete; subject-matter editorial review and student pilot data are still required before operational use.,1,1 point for the correct answer; 0 points otherwise.,,,,AP Calculus BC | Contextual Applications of Differentiation
AP_CALCULUS_BC_M1-1-Q015,ap_calculus_bc_mock_exam_1,Multiple Choice,1,15,15,ap_calculus_bc_mock_exam_1-1-SET-05,Analytical Applications of Differentiation stimulus 5,Original text stimulus set,Candidate,true,false,Medium,Multiple Choice,"A twice-differentiable function has f''>0 while f'<0.

Which statement most accurately explains the relevant course concept?",The concept is correctly explained because the function is increasing and concave down.,The concept is correctly explained because the function has constant slope.,The concept is correctly explained because the function must cross the x-axis.,The concept is correctly explained because the function is decreasing and concave up.,D,4,,Analytical Applications of Differentiation,Modeling,Stimulus-based math and computer science reasoning,Analytical Applications of Differentiation,The signs of the first and second derivatives determine monotonicity and concavity separately.,"The three distractors reverse the relationship, overgeneralize beyond the evidence, or invoke a neighboring but inapplicable concept.",7,143,0.571,true,true,0.92,Candidate pool — automated QA passed; SME editorial review and pilot calibration required,https://pf6xrzskv9.feishu.cn/docx/I4kbdmNLKo2UYvxnaNecwqPBnre?from=from_copylink,https://apcentral.collegeboard.org/courses/ap-calculus-bc/exam,Original parallel mock item. Modeled on the current official AP course framework and public exam format; no official question text is reproduced. Automated blueprint and key checks are complete; subject-matter editorial review and student pilot data are still required before operational use.,1,1 point for the correct answer; 0 points otherwise.,,,,AP Calculus BC | Analytical Applications of Differentiation
AP_CALCULUS_BC_M1-1-Q016,ap_calculus_bc_mock_exam_1,Multiple Choice,1,16,16,ap_calculus_bc_mock_exam_1-1-SET-06,Integration and Accumulation of Change stimulus 6,Original text stimulus set,Candidate,true,false,Medium,Multiple Choice,"An improper integral is compared with ∫₁∞1/x² dx.

Which statement most accurately explains the relevant course concept?","The concept is correctly explained because if the integrand is nonnegative and no larger than 1/x² eventually, the comparison can establish convergence.",The concept is correctly explained because comparison with a convergent larger function proves divergence.,The concept is correctly explained because all improper integrals converge by the FTC.,The concept is correctly explained because the integral's convergence depends only on its lower limit.,A,1,,Integration and Accumulation of Change,Mathematical/Computational Practices,Stimulus-based math and computer science reasoning,Integration and Accumulation of Change,Direct comparison bounds a nonnegative integral by a known convergent integral.,"The three distractors reverse the relationship, overgeneralize beyond the evidence, or invoke a neighboring but inapplicable concept.",8,143,0.462,true,true,0.92,Candidate pool — automated QA passed; SME editorial review and pilot calibration required,https://pf6xrzskv9.feishu.cn/docx/I4kbdmNLKo2UYvxnaNecwqPBnre?from=from_copylink,https://apcentral.collegeboard.org/courses/ap-calculus-bc/exam,Original parallel mock item. Modeled on the current official AP course framework and public exam format; no official question text is reproduced. Automated blueprint and key checks are complete; subject-matter editorial review and student pilot data are still required before operational use.,1,1 point for the correct answer; 0 points otherwise.,,,,AP Calculus BC | Integration and Accumulation of Change
AP_CALCULUS_BC_M1-1-Q017,ap_calculus_bc_mock_exam_1,Multiple Choice,1,17,17,ap_calculus_bc_mock_exam_1-1-SET-06,Differential Equations stimulus 6,Original text stimulus set,Candidate,true,false,Medium,Multiple Choice,"A logistic model satisfies dP/dt=kP(1-P/K). In replication 2, the same relationship is evaluated under a new but comparable set of conditions.

Which response best corrects a common misconception about the case?","In the follow-up setting, the misconception is corrected by noting that growth is constant for all P.","In the follow-up setting, the misconception is corrected by noting that growth is fastest when P=K/2 and slows as P approaches K.","In the follow-up setting, the misconception is corrected by noting that p=K is an unstable point with positive growth.","In the follow-up setting, the misconception is corrected by noting that the model has no carrying capacity.",B,2,,Differential Equations,Representations,Stimulus-based math and computer science reasoning,Differential Equations,The logistic growth term is maximized at half the carrying capacity.,"The three distractors reverse the relationship, overgeneralize beyond the evidence, or invoke a neighboring but inapplicable concept.",5,143,0.634,true,true,0.92,Candidate pool — automated QA passed; SME editorial review and pilot calibration required,https://pf6xrzskv9.feishu.cn/docx/I4kbdmNLKo2UYvxnaNecwqPBnre?from=from_copylink,https://apcentral.collegeboard.org/courses/ap-calculus-bc/exam,Original parallel mock item. Modeled on the current official AP course framework and public exam format; no official question text is reproduced. Automated blueprint and key checks are complete; subject-matter editorial review and student pilot data are still required before operational use.,1,1 point for the correct answer; 0 points otherwise.,,,,AP Calculus BC | Differential Equations
AP_CALCULUS_BC_M1-1-Q018,ap_calculus_bc_mock_exam_1,Multiple Choice,1,18,18,ap_calculus_bc_mock_exam_1-1-SET-06,Applications of Integration stimulus 6,Original text stimulus set,Candidate,true,false,Medium,Multiple Choice,"A polar curve is r=f(θ) for a≤θ≤b.

Which statement most accurately explains the relevant course concept?",The concept is correctly explained because area is the integral of r alone.,The concept is correctly explained because arc length and area use the same integrand.,The concept is correctly explained because its enclosed area is one-half the integral of r² with respect to θ.,The concept is correctly explained because polar area requires converting to a slope field.,C,3,,Applications of Integration,Procedural Execution,Stimulus-based math and computer science reasoning,Applications of Integration,Polar sectors have differential area (1/2)r²dθ.,"The three distractors reverse the relationship, overgeneralize beyond the evidence, or invoke a neighboring but inapplicable concept.",7,143,0.478,true,true,0.92,Candidate pool — automated QA passed; SME editorial review and pilot calibration required,https://pf6xrzskv9.feishu.cn/docx/I4kbdmNLKo2UYvxnaNecwqPBnre?from=from_copylink,https://apcentral.collegeboard.org/courses/ap-calculus-bc/exam,Original parallel mock item. Modeled on the current official AP course framework and public exam format; no official question text is reproduced. Automated blueprint and key checks are complete; subject-matter editorial review and student pilot data are still required before operational use.,1,1 point for the correct answer; 0 points otherwise.,,,,AP Calculus BC | Applications of Integration
AP_CALCULUS_BC_M1-1-Q019,ap_calculus_bc_mock_exam_1,Multiple Choice,1,19,19,ap_calculus_bc_mock_exam_1-1-SET-07,"Parametric, Polar, and Vector-Valued Functions stimulus 7",Original text stimulus set,Candidate,true,false,Hard,Multiple Choice,"A curve is given parametrically by x(t), y(t), with x'(t)≠0.

Which statement most accurately explains the relevant course concept?",The concept is correctly explained because dy/dx=x'(t)/y'(t) always.,The concept is correctly explained because dy/dx=y(t)/x(t).,The concept is correctly explained because the derivative is x'(t)+y'(t).,The concept is correctly explained because dy/dx=y'(t)/x'(t).,D,4,,"Parametric, Polar, and Vector-Valued Functions",Justification,Stimulus-based math and computer science reasoning,"Parametric, Polar, and Vector-Valued Functions",The chain rule relates derivatives with respect to the parameter.,"The three distractors reverse the relationship, overgeneralize beyond the evidence, or invoke a neighboring but inapplicable concept.",10,143,0.5,true,true,0.92,Candidate pool — automated QA passed; SME editorial review and pilot calibration required,https://pf6xrzskv9.feishu.cn/docx/I4kbdmNLKo2UYvxnaNecwqPBnre?from=from_copylink,https://apcentral.collegeboard.org/courses/ap-calculus-bc/exam,Original parallel mock item. Modeled on the current official AP course framework and public exam format; no official question text is reproduced. Automated blueprint and key checks are complete; subject-matter editorial review and student pilot data are still required before operational use.,1,1 point for the correct answer; 0 points otherwise.,,,,"AP Calculus BC | Parametric, Polar, and Vector-Valued Functions"
AP_CALCULUS_BC_M1-1-Q020,ap_calculus_bc_mock_exam_1,Multiple Choice,1,20,20,ap_calculus_bc_mock_exam_1-1-SET-07,Infinite Sequences and Series stimulus 7,Original text stimulus set,Candidate,true,false,Hard,Multiple Choice,"A power series has radius of convergence R.

A student uses the case as evidence in an argument. Which claim is most defensible?","A defensible claim is that inside |x-a|<R it converges absolutely, while endpoints require separate tests.",A defensible claim is that it diverges at every endpoint and inside the interval.,A defensible claim is that the radius determines endpoint behavior automatically.,A defensible claim is that absolute convergence occurs only outside the radius.,A,1,,Infinite Sequences and Series,Modeling,Stimulus-based math and computer science reasoning,Infinite Sequences and Series,Power-series endpoint behavior is not determined by the radius alone.,"The three distractors reverse the relationship, overgeneralize beyond the evidence, or invoke a neighboring but inapplicable concept.",8,143,0.571,true,true,0.92,Candidate pool — automated QA passed; SME editorial review and pilot calibration required,https://pf6xrzskv9.feishu.cn/docx/I4kbdmNLKo2UYvxnaNecwqPBnre?from=from_copylink,https://apcentral.collegeboard.org/courses/ap-calculus-bc/exam,Original parallel mock item. Modeled on the current official AP course framework and public exam format; no official question text is reproduced. Automated blueprint and key checks are complete; subject-matter editorial review and student pilot data are still required before operational use.,1,1 point for the correct answer; 0 points otherwise.,,,,AP Calculus BC | Infinite Sequences and Series
AP_CALCULUS_BC_M1-1-Q021,ap_calculus_bc_mock_exam_1,Multiple Choice,1,21,21,ap_calculus_bc_mock_exam_1-1-SET-07,Limits and Continuity stimulus 7,Original text stimulus set,Candidate,true,false,Easy,Multiple Choice,"A function approaches the same finite value from both sides of x=a, but f(a) is undefined. In replication 2, the same relationship is evaluated under a new but comparable set of conditions.

Which statement would be the strongest basis for a justified prediction?","In the follow-up setting, a justified prediction follows from the fact that no definition can make the function continuous.","In the follow-up setting, a justified prediction follows from the fact that defining f(a) to equal the limit creates a removable continuous extension.","In the follow-up setting, a justified prediction follows from the fact that the limit must be infinite.","In the follow-up setting, a justified prediction follows from the fact that continuity depends only on the derivative at a.",B,2,,Limits and Continuity,Mathematical/Computational Practices,Stimulus-based math and computer science reasoning,Limits and Continuity,A removable discontinuity is repaired by matching the function value to the limit.,"The three distractors reverse the relationship, overgeneralize beyond the evidence, or invoke a neighboring but inapplicable concept.",16,143,0.643,true,true,0.92,Candidate pool — automated QA passed; SME editorial review and pilot calibration required,https://pf6xrzskv9.feishu.cn/docx/I4kbdmNLKo2UYvxnaNecwqPBnre?from=from_copylink,https://apcentral.collegeboard.org/courses/ap-calculus-bc/exam,Original parallel mock item. Modeled on the current official AP course framework and public exam format; no official question text is reproduced. Automated blueprint and key checks are complete; subject-matter editorial review and student pilot data are still required before operational use.,1,1 point for the correct answer; 0 points otherwise.,,,,AP Calculus BC | Limits and Continuity
AP_CALCULUS_BC_M1-1-Q022,ap_calculus_bc_mock_exam_1,Multiple Choice,1,22,22,ap_calculus_bc_mock_exam_1-1-SET-08,Differentiation: Definition and Fundamental Properties stimulus 8,Original text stimulus set,Candidate,true,false,Easy,Multiple Choice,"A velocity function v(t) is differentiable.

A student uses the case as evidence in an argument. Which claim is most defensible?",A defensible claim is that acceleration is the integral of velocity only.,"A defensible claim is that speed increases whenever v' is positive, regardless of v.","A defensible claim is that acceleration is v'(t), and speed increases when v and v' have the same sign.",A defensible claim is that speed is the signed value of velocity.,C,3,,Differentiation: Definition and Fundamental Properties,Representations,Stimulus-based math and computer science reasoning,Differentiation: Definition and Fundamental Properties,"Speed is |v|, so its change depends on the signs of velocity and acceleration.","The three distractors reverse the relationship, overgeneralize beyond the evidence, or invoke a neighboring but inapplicable concept.",6,143,0.68,true,true,0.92,Candidate pool — automated QA passed; SME editorial review and pilot calibration required,https://pf6xrzskv9.feishu.cn/docx/I4kbdmNLKo2UYvxnaNecwqPBnre?from=from_copylink,https://apcentral.collegeboard.org/courses/ap-calculus-bc/exam,Original parallel mock item. Modeled on the current official AP course framework and public exam format; no official question text is reproduced. Automated blueprint and key checks are complete; subject-matter editorial review and student pilot data are still required before operational use.,1,1 point for the correct answer; 0 points otherwise.,,,,AP Calculus BC | Differentiation: Definition and Fundamental Properties
AP_CALCULUS_BC_M1-1-Q023,ap_calculus_bc_mock_exam_1,Multiple Choice,1,23,23,ap_calculus_bc_mock_exam_1-1-SET-08,"Differentiation: Composite, Implicit, and Inverse Functions stimulus 8",Original text stimulus set,Candidate,true,false,Medium,Multiple Choice,"The inverse function g=f⁻¹ exists and f'(g(y)) is nonzero.

A student uses the case as evidence in an argument. Which claim is most defensible?",A defensible claim is that g'(y)=f'(y).,A defensible claim is that g'(y)=-f'(g(y)).,A defensible claim is that g'(y)=1/f'(y) without evaluating at g(y).,A defensible claim is that g'(y)=1/f'(g(y)).,D,4,,"Differentiation: Composite, Implicit, and Inverse Functions",Procedural Execution,Stimulus-based math and computer science reasoning,"Differentiation: Composite, Implicit, and Inverse Functions",The inverse derivative formula follows from differentiating f(g(y))=y.,"The three distractors reverse the relationship, overgeneralize beyond the evidence, or invoke a neighboring but inapplicable concept.",9,143,0.586,true,true,0.92,Candidate pool — automated QA passed; SME editorial review and pilot calibration required,https://pf6xrzskv9.feishu.cn/docx/I4kbdmNLKo2UYvxnaNecwqPBnre?from=from_copylink,https://apcentral.collegeboard.org/courses/ap-calculus-bc/exam,Original parallel mock item. Modeled on the current official AP course framework and public exam format; no official question text is reproduced. Automated blueprint and key checks are complete; subject-matter editorial review and student pilot data are still required before operational use.,1,1 point for the correct answer; 0 points otherwise.,,,,"AP Calculus BC | Differentiation: Composite, Implicit, and Inverse Functions"
AP_CALCULUS_BC_M1-1-Q024,ap_calculus_bc_mock_exam_1,Multiple Choice,1,24,24,ap_calculus_bc_mock_exam_1-1-SET-08,Contextual Applications of Differentiation stimulus 8,Original text stimulus set,Candidate,true,false,Medium,Multiple Choice,"A particle's acceleration and velocity have opposite signs on an interval. In replication 2, the same relationship is evaluated under a new but comparable set of conditions.

Which statement would be the strongest basis for a justified prediction?","In the follow-up setting, a justified prediction follows from the fact that the particle's speed decreases on that interval.","In the follow-up setting, a justified prediction follows from the fact that the particle must move in the positive direction.","In the follow-up setting, a justified prediction follows from the fact that the speed increases because acceleration is nonzero.","In the follow-up setting, a justified prediction follows from the fact that the particle's position is constant.",A,1,,Contextual Applications of Differentiation,Justification,Stimulus-based math and computer science reasoning,Contextual Applications of Differentiation,Opposite velocity and acceleration signs reduce the magnitude of velocity.,"The three distractors reverse the relationship, overgeneralize beyond the evidence, or invoke a neighboring but inapplicable concept.",11,143,0.651,true,true,0.92,Candidate pool — automated QA passed; SME editorial review and pilot calibration required,https://pf6xrzskv9.feishu.cn/docx/I4kbdmNLKo2UYvxnaNecwqPBnre?from=from_copylink,https://apcentral.collegeboard.org/courses/ap-calculus-bc/exam,Original parallel mock item. Modeled on the current official AP course framework and public exam format; no official question text is reproduced. Automated blueprint and key checks are complete; subject-matter editorial review and student pilot data are still required before operational use.,1,1 point for the correct answer; 0 points otherwise.,,,,AP Calculus BC | Contextual Applications of Differentiation
AP_CALCULUS_BC_M1-1-Q025,ap_calculus_bc_mock_exam_1,Multiple Choice,1,25,25,ap_calculus_bc_mock_exam_1-1-SET-09,Analytical Applications of Differentiation stimulus 9,Original text stimulus set,Candidate,true,false,Medium,Multiple Choice,"A twice-differentiable function has f''>0 while f'<0.

A student uses the case as evidence in an argument. Which claim is most defensible?",A defensible claim is that the function is increasing and concave down.,A defensible claim is that the function is decreasing and concave up.,A defensible claim is that the function has constant slope.,A defensible claim is that the function must cross the x-axis.,B,2,,Analytical Applications of Differentiation,Modeling,Stimulus-based math and computer science reasoning,Analytical Applications of Differentiation,The signs of the first and second derivatives determine monotonicity and concavity separately.,"The three distractors reverse the relationship, overgeneralize beyond the evidence, or invoke a neighboring but inapplicable concept.",7,143,0.68,true,true,0.92,Candidate pool — automated QA passed; SME editorial review and pilot calibration required,https://pf6xrzskv9.feishu.cn/docx/I4kbdmNLKo2UYvxnaNecwqPBnre?from=from_copylink,https://apcentral.collegeboard.org/courses/ap-calculus-bc/exam,Original parallel mock item. Modeled on the current official AP course framework and public exam format; no official question text is reproduced. Automated blueprint and key checks are complete; subject-matter editorial review and student pilot data are still required before operational use.,1,1 point for the correct answer; 0 points otherwise.,,,,AP Calculus BC | Analytical Applications of Differentiation
AP_CALCULUS_BC_M1-1-Q026,ap_calculus_bc_mock_exam_1,Multiple Choice,1,26,26,ap_calculus_bc_mock_exam_1-1-SET-09,Integration and Accumulation of Change stimulus 9,Original text stimulus set,Candidate,true,false,Medium,Multiple Choice,"An improper integral is compared with ∫₁∞1/x² dx.

A student uses the case as evidence in an argument. Which claim is most defensible?",A defensible claim is that comparison with a convergent larger function proves divergence.,A defensible claim is that all improper integrals converge by the FTC.,"A defensible claim is that if the integrand is nonnegative and no larger than 1/x² eventually, the comparison can establish convergence.",A defensible claim is that the integral's convergence depends only on its lower limit.,C,3,,Integration and Accumulation of Change,Mathematical/Computational Practices,Stimulus-based math and computer science reasoning,Integration and Accumulation of Change,Direct comparison bounds a nonnegative integral by a known convergent integral.,"The three distractors reverse the relationship, overgeneralize beyond the evidence, or invoke a neighboring but inapplicable concept.",8,143,0.536,true,true,0.92,Candidate pool — automated QA passed; SME editorial review and pilot calibration required,https://pf6xrzskv9.feishu.cn/docx/I4kbdmNLKo2UYvxnaNecwqPBnre?from=from_copylink,https://apcentral.collegeboard.org/courses/ap-calculus-bc/exam,Original parallel mock item. Modeled on the current official AP course framework and public exam format; no official question text is reproduced. Automated blueprint and key checks are complete; subject-matter editorial review and student pilot data are still required before operational use.,1,1 point for the correct answer; 0 points otherwise.,,,,AP Calculus BC | Integration and Accumulation of Change
AP_CALCULUS_BC_M1-1-Q027,ap_calculus_bc_mock_exam_1,Multiple Choice,1,27,27,ap_calculus_bc_mock_exam_1-1-SET-09,Differential Equations stimulus 9,Original text stimulus set,Candidate,true,false,Medium,Multiple Choice,"A logistic model satisfies dP/dt=kP(1-P/K). In replication 2, the same relationship is evaluated under a new but comparable set of conditions.

Which statement would be the strongest basis for a justified prediction?","In the follow-up setting, a justified prediction follows from the fact that growth is constant for all P.","In the follow-up setting, a justified prediction follows from the fact that p=K is an unstable point with positive growth.","In the follow-up setting, a justified prediction follows from the fact that the model has no carrying capacity.","In the follow-up setting, a justified prediction follows from the fact that growth is fastest when P=K/2 and slows as P approaches K.",D,4,,Differential Equations,Representations,Stimulus-based math and computer science reasoning,Differential Equations,The logistic growth term is maximized at half the carrying capacity.,"The three distractors reverse the relationship, overgeneralize beyond the evidence, or invoke a neighboring but inapplicable concept.",5,143,0.634,true,true,0.92,Candidate pool — automated QA passed; SME editorial review and pilot calibration required,https://pf6xrzskv9.feishu.cn/docx/I4kbdmNLKo2UYvxnaNecwqPBnre?from=from_copylink,https://apcentral.collegeboard.org/courses/ap-calculus-bc/exam,Original parallel mock item. Modeled on the current official AP course framework and public exam format; no official question text is reproduced. Automated blueprint and key checks are complete; subject-matter editorial review and student pilot data are still required before operational use.,1,1 point for the correct answer; 0 points otherwise.,,,,AP Calculus BC | Differential Equations
AP_CALCULUS_BC_M1-1-Q028,ap_calculus_bc_mock_exam_1,Multiple Choice,1,28,28,ap_calculus_bc_mock_exam_1-1-SET-10,Applications of Integration stimulus 10,Original text stimulus set,Candidate,true,false,Medium,Multiple Choice,"A polar curve is r=f(θ) for a≤θ≤b.

A student uses the case as evidence in an argument. Which claim is most defensible?",A defensible claim is that its enclosed area is one-half the integral of r² with respect to θ.,A defensible claim is that area is the integral of r alone.,A defensible claim is that arc length and area use the same integrand.,A defensible claim is that polar area requires converting to a slope field.,A,1,,Applications of Integration,Procedural Execution,Stimulus-based math and computer science reasoning,Applications of Integration,Polar sectors have differential area (1/2)r²dθ.,"The three distractors reverse the relationship, overgeneralize beyond the evidence, or invoke a neighboring but inapplicable concept.",7,143,0.571,true,true,0.92,Candidate pool — automated QA passed; SME editorial review and pilot calibration required,https://pf6xrzskv9.feishu.cn/docx/I4kbdmNLKo2UYvxnaNecwqPBnre?from=from_copylink,https://apcentral.collegeboard.org/courses/ap-calculus-bc/exam,Original parallel mock item. Modeled on the current official AP course framework and public exam format; no official question text is reproduced. Automated blueprint and key checks are complete; subject-matter editorial review and student pilot data are still required before operational use.,1,1 point for the correct answer; 0 points otherwise.,,,,AP Calculus BC | Applications of Integration
AP_CALCULUS_BC_M1-1-Q029,ap_calculus_bc_mock_exam_1,Multiple Choice,1,29,29,ap_calculus_bc_mock_exam_1-1-SET-10,"Parametric, Polar, and Vector-Valued Functions stimulus 10",Original text stimulus set,Candidate,true,false,Hard,Multiple Choice,"A curve is given parametrically by x(t), y(t), with x'(t)≠0.

A student uses the case as evidence in an argument. Which claim is most defensible?",A defensible claim is that dy/dx=x'(t)/y'(t) always.,A defensible claim is that dy/dx=y'(t)/x'(t).,A defensible claim is that dy/dx=y(t)/x(t).,A defensible claim is that the derivative is x'(t)+y'(t).,B,2,,"Parametric, Polar, and Vector-Valued Functions",Justification,Stimulus-based math and computer science reasoning,"Parametric, Polar, and Vector-Valued Functions",The chain rule relates derivatives with respect to the parameter.,"The three distractors reverse the relationship, overgeneralize beyond the evidence, or invoke a neighboring but inapplicable concept.",10,143,0.571,true,true,0.92,Candidate pool — automated QA passed; SME editorial review and pilot calibration required,https://pf6xrzskv9.feishu.cn/docx/I4kbdmNLKo2UYvxnaNecwqPBnre?from=from_copylink,https://apcentral.collegeboard.org/courses/ap-calculus-bc/exam,Original parallel mock item. Modeled on the current official AP course framework and public exam format; no official question text is reproduced. Automated blueprint and key checks are complete; subject-matter editorial review and student pilot data are still required before operational use.,1,1 point for the correct answer; 0 points otherwise.,,,,"AP Calculus BC | Parametric, Polar, and Vector-Valued Functions"
AP_CALCULUS_BC_M1-1-Q030,ap_calculus_bc_mock_exam_1,Multiple Choice,1,30,30,ap_calculus_bc_mock_exam_1-1-SET-10,Infinite Sequences and Series stimulus 10,Original text stimulus set,Candidate,true,false,Hard,Multiple Choice,"A power series has radius of convergence R.

Which interpretation best connects the evidence to the governing principle?",The evidence supports the interpretation that it diverges at every endpoint and inside the interval.,The evidence supports the interpretation that the radius determines endpoint behavior automatically.,"The evidence supports the interpretation that inside |x-a|<R it converges absolutely, while endpoints require separate tests.",The evidence supports the interpretation that absolute convergence occurs only outside the radius.,C,3,,Infinite Sequences and Series,Modeling,Stimulus-based math and computer science reasoning,Infinite Sequences and Series,Power-series endpoint behavior is not determined by the radius alone.,"The three distractors reverse the relationship, overgeneralize beyond the evidence, or invoke a neighboring but inapplicable concept.",8,143,0.478,true,true,0.92,Candidate pool — automated QA passed; SME editorial review and pilot calibration required,https://pf6xrzskv9.feishu.cn/docx/I4kbdmNLKo2UYvxnaNecwqPBnre?from=from_copylink,https://apcentral.collegeboard.org/courses/ap-calculus-bc/exam,Original parallel mock item. Modeled on the current official AP course framework and public exam format; no official question text is reproduced. Automated blueprint and key checks are complete; subject-matter editorial review and student pilot data are still required before operational use.,1,1 point for the correct answer; 0 points otherwise.,,,,AP Calculus BC | Infinite Sequences and Series
AP_CALCULUS_BC_M1-1-Q031,ap_calculus_bc_mock_exam_1,Multiple Choice,1,31,31,ap_calculus_bc_mock_exam_1-1-SET-11,Analytical Applications of Differentiation stimulus 11,Original text stimulus set,Candidate,true,false,Easy,Multiple Choice,"A twice-differentiable function has f''>0 while f'<0.

Which interpretation best connects the evidence to the governing principle?",The evidence supports the interpretation that the function is increasing and concave down.,The evidence supports the interpretation that the function has constant slope.,The evidence supports the interpretation that the function must cross the x-axis.,The evidence supports the interpretation that the function is decreasing and concave up.,D,4,,Analytical Applications of Differentiation,Mathematical/Computational Practices,Stimulus-based math and computer science reasoning,Analytical Applications of Differentiation,The signs of the first and second derivatives determine monotonicity and concavity separately.,"The three distractors reverse the relationship, overgeneralize beyond the evidence, or invoke a neighboring but inapplicable concept.",7,143,0.478,true,true,0.92,Candidate pool — automated QA passed; SME editorial review and pilot calibration required,https://pf6xrzskv9.feishu.cn/docx/I4kbdmNLKo2UYvxnaNecwqPBnre?from=from_copylink,https://apcentral.collegeboard.org/courses/ap-calculus-bc/exam,Original parallel mock item. Modeled on the current official AP course framework and public exam format; no official question text is reproduced. Automated blueprint and key checks are complete; subject-matter editorial review and student pilot data are still required before operational use.,1,1 point for the correct answer; 0 points otherwise.,,,,AP Calculus BC | Analytical Applications of Differentiation
AP_CALCULUS_BC_M1-1-Q032,ap_calculus_bc_mock_exam_1,Multiple Choice,1,32,32,ap_calculus_bc_mock_exam_1-1-SET-11,Integration and Accumulation of Change stimulus 11,Original text stimulus set,Candidate,true,false,Easy,Multiple Choice,"An improper integral is compared with ∫₁∞1/x² dx.

Which interpretation best connects the evidence to the governing principle?","The evidence supports the interpretation that if the integrand is nonnegative and no larger than 1/x² eventually, the comparison can establish convergence.",The evidence supports the interpretation that comparison with a convergent larger function proves divergence.,The evidence supports the interpretation that all improper integrals converge by the FTC.,The evidence supports the interpretation that the integral's convergence depends only on its lower limit.,A,1,,Integration and Accumulation of Change,Representations,Stimulus-based math and computer science reasoning,Integration and Accumulation of Change,Direct comparison bounds a nonnegative integral by a known convergent integral.,"The three distractors reverse the relationship, overgeneralize beyond the evidence, or invoke a neighboring but inapplicable concept.",8,143,0.462,true,true,0.92,Candidate pool — automated QA passed; SME editorial review and pilot calibration required,https://pf6xrzskv9.feishu.cn/docx/I4kbdmNLKo2UYvxnaNecwqPBnre?from=from_copylink,https://apcentral.collegeboard.org/courses/ap-calculus-bc/exam,Original parallel mock item. Modeled on the current official AP course framework and public exam format; no official question text is reproduced. Automated blueprint and key checks are complete; subject-matter editorial review and student pilot data are still required before operational use.,1,1 point for the correct answer; 0 points otherwise.,,,,AP Calculus BC | Integration and Accumulation of Change
AP_CALCULUS_BC_M1-1-Q033,ap_calculus_bc_mock_exam_1,Multiple Choice,1,33,33,ap_calculus_bc_mock_exam_1-1-SET-11,"Parametric, Polar, and Vector-Valued Functions stimulus 11",Original text stimulus set,Candidate,true,false,Medium,Multiple Choice,"A curve is given parametrically by x(t), y(t), with x'(t)≠0.

Which interpretation best connects the evidence to the governing principle?",The evidence supports the interpretation that dy/dx=x'(t)/y'(t) always.,The evidence supports the interpretation that dy/dx=y'(t)/x'(t).,The evidence supports the interpretation that dy/dx=y(t)/x(t).,The evidence supports the interpretation that the derivative is x'(t)+y'(t).,B,2,,"Parametric, Polar, and Vector-Valued Functions",Procedural Execution,Stimulus-based math and computer science reasoning,"Parametric, Polar, and Vector-Valued Functions",The chain rule relates derivatives with respect to the parameter.,"The three distractors reverse the relationship, overgeneralize beyond the evidence, or invoke a neighboring but inapplicable concept.",10,143,0.481,true,true,0.92,Candidate pool — automated QA passed; SME editorial review and pilot calibration required,https://pf6xrzskv9.feishu.cn/docx/I4kbdmNLKo2UYvxnaNecwqPBnre?from=from_copylink,https://apcentral.collegeboard.org/courses/ap-calculus-bc/exam,Original parallel mock item. Modeled on the current official AP course framework and public exam format; no official question text is reproduced. Automated blueprint and key checks are complete; subject-matter editorial review and student pilot data are still required before operational use.,1,1 point for the correct answer; 0 points otherwise.,,,,"AP Calculus BC | Parametric, Polar, and Vector-Valued Functions"
AP_CALCULUS_BC_M1-1-Q034,ap_calculus_bc_mock_exam_1,Multiple Choice,1,34,34,ap_calculus_bc_mock_exam_1-1-SET-12,Infinite Sequences and Series stimulus 12,Original text stimulus set,Candidate,true,false,Medium,Multiple Choice,"A power series has radius of convergence R. In replication 2, the same relationship is evaluated under a new but comparable set of conditions.

Which response best corrects a common misconception about the case?","In the follow-up setting, the misconception is corrected by noting that it diverges at every endpoint and inside the interval.","In the follow-up setting, the misconception is corrected by noting that the radius determines endpoint behavior automatically.","In the follow-up setting, the misconception is corrected by noting that inside |x-a|<R it converges absolutely, while endpoints require separate tests.","In the follow-up setting, the misconception is corrected by noting that absolute convergence occurs only outside the radius.",C,3,,Infinite Sequences and Series,Justification,Stimulus-based math and computer science reasoning,Infinite Sequences and Series,Power-series endpoint behavior is not determined by the radius alone.,"The three distractors reverse the relationship, overgeneralize beyond the evidence, or invoke a neighboring but inapplicable concept.",8,143,0.706,true,true,0.92,Candidate pool — automated QA passed; SME editorial review and pilot calibration required,https://pf6xrzskv9.feishu.cn/docx/I4kbdmNLKo2UYvxnaNecwqPBnre?from=from_copylink,https://apcentral.collegeboard.org/courses/ap-calculus-bc/exam,Original parallel mock item. Modeled on the current official AP course framework and public exam format; no official question text is reproduced. Automated blueprint and key checks are complete; subject-matter editorial review and student pilot data are still required before operational use.,1,1 point for the correct answer; 0 points otherwise.,,,,AP Calculus BC | Infinite Sequences and Series
AP_CALCULUS_BC_M1-1-Q035,ap_calculus_bc_mock_exam_1,Multiple Choice,1,35,35,ap_calculus_bc_mock_exam_1-1-SET-12,Analytical Applications of Differentiation stimulus 12,Original text stimulus set,Candidate,true,false,Medium,Multiple Choice,"A twice-differentiable function has f''>0 while f'<0. In replication 2, the same relationship is evaluated under a new but comparable set of conditions.

Which response best corrects a common misconception about the case?","In the follow-up setting, the misconception is corrected by noting that the function is increasing and concave down.","In the follow-up setting, the misconception is corrected by noting that the function has constant slope.","In the follow-up setting, the misconception is corrected by noting that the function must cross the x-axis.","In the follow-up setting, the misconception is corrected by noting that the function is decreasing and concave up.",D,4,,Analytical Applications of Differentiation,Modeling,Stimulus-based math and computer science reasoning,Analytical Applications of Differentiation,The signs of the first and second derivatives determine monotonicity and concavity separately.,"The three distractors reverse the relationship, overgeneralize beyond the evidence, or invoke a neighboring but inapplicable concept.",7,143,0.694,true,true,0.92,Candidate pool — automated QA passed; SME editorial review and pilot calibration required,https://pf6xrzskv9.feishu.cn/docx/I4kbdmNLKo2UYvxnaNecwqPBnre?from=from_copylink,https://apcentral.collegeboard.org/courses/ap-calculus-bc/exam,Original parallel mock item. Modeled on the current official AP course framework and public exam format; no official question text is reproduced. Automated blueprint and key checks are complete; subject-matter editorial review and student pilot data are still required before operational use.,1,1 point for the correct answer; 0 points otherwise.,,,,AP Calculus BC | Analytical Applications of Differentiation
AP_CALCULUS_BC_M1-1-Q036,ap_calculus_bc_mock_exam_1,Multiple Choice,1,36,36,ap_calculus_bc_mock_exam_1-1-SET-12,Integration and Accumulation of Change stimulus 12,Original text stimulus set,Candidate,true,false,Medium,Multiple Choice,"An improper integral is compared with ∫₁∞1/x² dx. In replication 2, the same relationship is evaluated under a new but comparable set of conditions.

Which response best corrects a common misconception about the case?","In the follow-up setting, the misconception is corrected by noting that if the integrand is nonnegative and no larger than 1/x² eventually, the comparison can establish convergence.","In the follow-up setting, the misconception is corrected by noting that comparison with a convergent larger function proves divergence.","In the follow-up setting, the misconception is corrected by noting that all improper integrals converge by the FTC.","In the follow-up setting, the misconception is corrected by noting that the integral's convergence depends only on its lower limit.",A,1,,Integration and Accumulation of Change,Mathematical/Computational Practices,Stimulus-based math and computer science reasoning,Integration and Accumulation of Change,Direct comparison bounds a nonnegative integral by a known convergent integral.,"The three distractors reverse the relationship, overgeneralize beyond the evidence, or invoke a neighboring but inapplicable concept.",8,143,0.73,true,true,0.92,Candidate pool — automated QA passed; SME editorial review and pilot calibration required,https://pf6xrzskv9.feishu.cn/docx/I4kbdmNLKo2UYvxnaNecwqPBnre?from=from_copylink,https://apcentral.collegeboard.org/courses/ap-calculus-bc/exam,Original parallel mock item. Modeled on the current official AP course framework and public exam format; no official question text is reproduced. Automated blueprint and key checks are complete; subject-matter editorial review and student pilot data are still required before operational use.,1,1 point for the correct answer; 0 points otherwise.,,,,AP Calculus BC | Integration and Accumulation of Change
AP_CALCULUS_BC_M1-1-Q037,ap_calculus_bc_mock_exam_1,Multiple Choice,1,37,37,ap_calculus_bc_mock_exam_1-1-SET-13,"Parametric, Polar, and Vector-Valued Functions stimulus 13",Original text stimulus set,Candidate,true,false,Medium,Multiple Choice,"A curve is given parametrically by x(t), y(t), with x'(t)≠0. In replication 2, the same relationship is evaluated under a new but comparable set of conditions.

Which response best corrects a common misconception about the case?","In the follow-up setting, the misconception is corrected by noting that dy/dx=x'(t)/y'(t) always.","In the follow-up setting, the misconception is corrected by noting that dy/dx=y'(t)/x'(t).","In the follow-up setting, the misconception is corrected by noting that dy/dx=y(t)/x(t).","In the follow-up setting, the misconception is corrected by noting that the derivative is x'(t)+y'(t).",B,2,,"Parametric, Polar, and Vector-Valued Functions",Representations,Stimulus-based math and computer science reasoning,"Parametric, Polar, and Vector-Valued Functions",The chain rule relates derivatives with respect to the parameter.,"The three distractors reverse the relationship, overgeneralize beyond the evidence, or invoke a neighboring but inapplicable concept.",10,143,0.641,true,true,0.92,Candidate pool — automated QA passed; SME editorial review and pilot calibration required,https://pf6xrzskv9.feishu.cn/docx/I4kbdmNLKo2UYvxnaNecwqPBnre?from=from_copylink,https://apcentral.collegeboard.org/courses/ap-calculus-bc/exam,Original parallel mock item. Modeled on the current official AP course framework and public exam format; no official question text is reproduced. Automated blueprint and key checks are complete; subject-matter editorial review and student pilot data are still required before operational use.,1,1 point for the correct answer; 0 points otherwise.,,,,"AP Calculus BC | Parametric, Polar, and Vector-Valued Functions"
AP_CALCULUS_BC_M1-1-Q038,ap_calculus_bc_mock_exam_1,Multiple Choice,1,38,38,ap_calculus_bc_mock_exam_1-1-SET-13,Infinite Sequences and Series stimulus 13,Original text stimulus set,Candidate,true,false,Medium,Multiple Choice,"A power series has radius of convergence R. In replication 2, the same relationship is evaluated under a new but comparable set of conditions.

Which statement would be the strongest basis for a justified prediction?","In the follow-up setting, a justified prediction follows from the fact that it diverges at every endpoint and inside the interval.","In the follow-up setting, a justified prediction follows from the fact that the radius determines endpoint behavior automatically.","In the follow-up setting, a justified prediction follows from the fact that inside |x-a|<R it converges absolutely, while endpoints require separate tests.","In the follow-up setting, a justified prediction follows from the fact that absolute convergence occurs only outside the radius.",C,3,,Infinite Sequences and Series,Procedural Execution,Stimulus-based math and computer science reasoning,Infinite Sequences and Series,Power-series endpoint behavior is not determined by the radius alone.,"The three distractors reverse the relationship, overgeneralize beyond the evidence, or invoke a neighboring but inapplicable concept.",8,143,0.639,true,true,0.92,Candidate pool — automated QA passed; SME editorial review and pilot calibration required,https://pf6xrzskv9.feishu.cn/docx/I4kbdmNLKo2UYvxnaNecwqPBnre?from=from_copylink,https://apcentral.collegeboard.org/courses/ap-calculus-bc/exam,Original parallel mock item. Modeled on the current official AP course framework and public exam format; no official question text is reproduced. Automated blueprint and key checks are complete; subject-matter editorial review and student pilot data are still required before operational use.,1,1 point for the correct answer; 0 points otherwise.,,,,AP Calculus BC | Infinite Sequences and Series
AP_CALCULUS_BC_M1-1-Q039,ap_calculus_bc_mock_exam_1,Multiple Choice,1,39,39,ap_calculus_bc_mock_exam_1-1-SET-13,Integration and Accumulation of Change stimulus 13,Original text stimulus set,Candidate,true,false,Hard,Multiple Choice,"An improper integral is compared with ∫₁∞1/x² dx. In replication 2, the same relationship is evaluated under a new but comparable set of conditions.

Which statement would be the strongest basis for a justified prediction?","In the follow-up setting, a justified prediction follows from the fact that comparison with a convergent larger function proves divergence.","In the follow-up setting, a justified prediction follows from the fact that all improper integrals converge by the FTC.","In the follow-up setting, a justified prediction follows from the fact that the integral's convergence depends only on its lower limit.","In the follow-up setting, a justified prediction follows from the fact that if the integrand is nonnegative and no larger than 1/x² eventually, the comparison can establish convergence.",D,4,,Integration and Accumulation of Change,Justification,Stimulus-based math and computer science reasoning,Integration and Accumulation of Change,Direct comparison bounds a nonnegative integral by a known convergent integral.,"The three distractors reverse the relationship, overgeneralize beyond the evidence, or invoke a neighboring but inapplicable concept.",8,143,0.667,true,true,0.92,Candidate pool — automated QA passed; SME editorial review and pilot calibration required,https://pf6xrzskv9.feishu.cn/docx/I4kbdmNLKo2UYvxnaNecwqPBnre?from=from_copylink,https://apcentral.collegeboard.org/courses/ap-calculus-bc/exam,Original parallel mock item. Modeled on the current official AP course framework and public exam format; no official question text is reproduced. Automated blueprint and key checks are complete; subject-matter editorial review and student pilot data are still required before operational use.,1,1 point for the correct answer; 0 points otherwise.,,,,AP Calculus BC | Integration and Accumulation of Change
AP_CALCULUS_BC_M1-1-Q040,ap_calculus_bc_mock_exam_1,Multiple Choice,1,40,40,ap_calculus_bc_mock_exam_1-1-SET-14,Infinite Sequences and Series stimulus 14,Original text stimulus set,Candidate,true,false,Hard,Multiple Choice,"A power series has radius of convergence R. In replication 2, the same relationship is evaluated under a new but comparable set of conditions.

Which conclusion is best supported by the information?","In the follow-up setting, inside |x-a|<R it converges absolutely, while endpoints require separate tests.","In the follow-up setting, it diverges at every endpoint and inside the interval.","In the follow-up setting, the radius determines endpoint behavior automatically.","In the follow-up setting, absolute convergence occurs only outside the radius.",A,1,,Infinite Sequences and Series,Modeling,Stimulus-based math and computer science reasoning,Infinite Sequences and Series,Power-series endpoint behavior is not determined by the radius alone.,"The three distractors reverse the relationship, overgeneralize beyond the evidence, or invoke a neighboring but inapplicable concept.",8,143,0.706,true,true,0.92,Candidate pool — automated QA passed; SME editorial review and pilot calibration required,https://pf6xrzskv9.feishu.cn/docx/I4kbdmNLKo2UYvxnaNecwqPBnre?from=from_copylink,https://apcentral.collegeboard.org/courses/ap-calculus-bc/exam,Original parallel mock item. Modeled on the current official AP course framework and public exam format; no official question text is reproduced. Automated blueprint and key checks are complete; subject-matter editorial review and student pilot data are still required before operational use.,1,1 point for the correct answer; 0 points otherwise.,,,,AP Calculus BC | Infinite Sequences and Series
AP_CALCULUS_BC_M1-1-Q041,ap_calculus_bc_mock_exam_1,Multiple Choice,1,41,41,ap_calculus_bc_mock_exam_1-1-SET-14,Integration and Accumulation of Change stimulus 14,Original text stimulus set,Candidate,true,false,Easy,Multiple Choice,"An improper integral is compared with ∫₁∞1/x² dx. In replication 2, the same relationship is evaluated under a new but comparable set of conditions.

Which conclusion is best supported by the information?","In the follow-up setting, comparison with a convergent larger function proves divergence.","In the follow-up setting, if the integrand is nonnegative and no larger than 1/x² eventually, the comparison can establish convergence.","In the follow-up setting, all improper integrals converge by the FTC.","In the follow-up setting, the integral's convergence depends only on its lower limit.",B,2,,Integration and Accumulation of Change,Mathematical/Computational Practices,Stimulus-based math and computer science reasoning,Integration and Accumulation of Change,Direct comparison bounds a nonnegative integral by a known convergent integral.,"The three distractors reverse the relationship, overgeneralize beyond the evidence, or invoke a neighboring but inapplicable concept.",8,143,0.73,true,true,0.92,Candidate pool — automated QA passed; SME editorial review and pilot calibration required,https://pf6xrzskv9.feishu.cn/docx/I4kbdmNLKo2UYvxnaNecwqPBnre?from=from_copylink,https://apcentral.collegeboard.org/courses/ap-calculus-bc/exam,Original parallel mock item. Modeled on the current official AP course framework and public exam format; no official question text is reproduced. Automated blueprint and key checks are complete; subject-matter editorial review and student pilot data are still required before operational use.,1,1 point for the correct answer; 0 points otherwise.,,,,AP Calculus BC | Integration and Accumulation of Change
AP_CALCULUS_BC_M1-1-Q042,ap_calculus_bc_mock_exam_1,Multiple Choice,1,42,42,ap_calculus_bc_mock_exam_1-1-SET-14,Infinite Sequences and Series stimulus 14,Original text stimulus set,Candidate,true,false,Easy,Multiple Choice,"A power series has radius of convergence R. In replication 3, the same relationship is evaluated under a new but comparable set of conditions.

Which statement most accurately explains the relevant course concept?","For the comparison case, the concept is correctly explained because it diverges at every endpoint and inside the interval.","For the comparison case, the concept is correctly explained because the radius determines endpoint behavior automatically.","For the comparison case, the concept is correctly explained because inside |x-a|<R it converges absolutely, while endpoints require separate tests.","For the comparison case, the concept is correctly explained because absolute convergence occurs only outside the radius.",C,3,,Infinite Sequences and Series,Representations,Stimulus-based math and computer science reasoning,Infinite Sequences and Series,Power-series endpoint behavior is not determined by the radius alone.,"The three distractors reverse the relationship, overgeneralize beyond the evidence, or invoke a neighboring but inapplicable concept.",8,143,0.611,true,true,0.92,Candidate pool — automated QA passed; SME editorial review and pilot calibration required,https://pf6xrzskv9.feishu.cn/docx/I4kbdmNLKo2UYvxnaNecwqPBnre?from=from_copylink,https://apcentral.collegeboard.org/courses/ap-calculus-bc/exam,Original parallel mock item. Modeled on the current official AP course framework and public exam format; no official question text is reproduced. Automated blueprint and key checks are complete; subject-matter editorial review and student pilot data are still required before operational use.,1,1 point for the correct answer; 0 points otherwise.,,,,AP Calculus BC | Infinite Sequences and Series
AP_CALCULUS_BC_M1-2-Q001,ap_calculus_bc_mock_exam_1,Free Response,2,1,43,ap_calculus_bc_mock_exam_1-2-01,Calculator Active I,Free Response,Candidate,true,false,Hard,Free Response,"Calculator Active I: A function approaches the same finite value from both sides of x=a, but f(a) is undefined. Construct a complete response that (a) states the governing principle, (b) applies it to the evidence, (c) shows required calculations or representations, (d) justifies the conclusion, and (e) identifies a limitation, assumption, or alternative explanation where relevant.",,,,,See scoring rubric,,,Limits and Continuity,Modeling,Calculator Active I,Limits and Continuity,"A strong response accurately applies the course framework to the stated evidence, explains reasoning rather than listing terms, and addresses every task verb in Calculator Active I.",Open response; score analytically. Other defensible approaches may earn credit when supported.,56,900,0.667,true,true,0.94,Candidate pool — rubric/blueprint QA passed; SME editorial review and pilot calibration required,https://pf6xrzskv9.feishu.cn/docx/I4kbdmNLKo2UYvxnaNecwqPBnre?from=from_copylink,https://apcentral.collegeboard.org/courses/ap-calculus-bc/exam,Original parallel mock item. Modeled on the current official AP course framework and public exam format; no official question text is reproduced. Automated blueprint and key checks are complete; subject-matter editorial review and student pilot data are still required before operational use.,9,"Instructional item-level rubric — 9 raw points total; not an official College Board scoring guideline. Calculator Active I; content focus: Limits and Continuity. C1 (1 point): States the governing principle accurately. Expected conceptual direction: Defining f(a) to equal the limit creates a removable continuous extension. A removable discontinuity is repaired by matching the function value to the limit. C2 (1 point): Extracts and uses the relevant value, observation, source feature, or condition from the item stimulus. C3 (1 point): Sets up the required equation, representation, comparison, experimental logic, or claim-evidence structure correctly. C4 (1 point): Executes the central calculation or analysis accurately and shows enough work to verify the method. C5 (1 point): Links the result or evidence to the governing principle rather than presenting an unsupported answer. C6 (1 point): States a conclusion that directly answers the labeled task and is consistent with the preceding work. C7 (1 point): Uses correct units, sign, scale, notation, terminology, or labels where the task requires them. C8 (1 point): Explains one relevant assumption, limitation, source of uncertainty, or alternative explanation. C9 (1 point): Checks the result against the scenario, representation, or expected qualitative relationship. Award only evidence visible in the response; partial credit within multi-point criteria should reflect the proportion of required evidence completed, and equivalent valid reasoning may earn credit.",,,,AP Calculus BC | Calculator Active I
AP_CALCULUS_BC_M1-2-Q002,ap_calculus_bc_mock_exam_1,Free Response,2,2,44,ap_calculus_bc_mock_exam_1-2-02,Calculator Active II,Free Response,Candidate,true,false,Hard,Free Response,"Calculator Active II: A velocity function v(t) is differentiable. Construct a complete response that (a) states the governing principle, (b) applies it to the evidence, (c) shows required calculations or representations, (d) justifies the conclusion, and (e) identifies a limitation, assumption, or alternative explanation where relevant.",,,,,See scoring rubric,,,Differentiation: Definition and Fundamental Properties,Modeling,Calculator Active II,Differentiation: Definition and Fundamental Properties,"A strong response accurately applies the course framework to the stated evidence, explains reasoning rather than listing terms, and addresses every task verb in Calculator Active II.",Open response; score analytically. Other defensible approaches may earn credit when supported.,46,900,0.729,true,true,0.94,Candidate pool — rubric/blueprint QA passed; SME editorial review and pilot calibration required,https://pf6xrzskv9.feishu.cn/docx/I4kbdmNLKo2UYvxnaNecwqPBnre?from=from_copylink,https://apcentral.collegeboard.org/courses/ap-calculus-bc/exam,Original parallel mock item. Modeled on the current official AP course framework and public exam format; no official question text is reproduced. Automated blueprint and key checks are complete; subject-matter editorial review and student pilot data are still required before operational use.,9,"Instructional item-level rubric — 9 raw points total; not an official College Board scoring guideline. Calculator Active II; content focus: Differentiation: Definition and Fundamental Properties. C1 (1 point): States the governing principle accurately. Expected conceptual direction: Acceleration is v'(t), and speed increases when v and v' have the same sign. Speed is |v|, so its change depends on the signs of velocity and acceleration. C2 (1 point): Extracts and uses the relevant value, observation, source feature, or condition from the item stimulus. C3 (1 point): Sets up the required equation, representation, comparison, experimental logic, or claim-evidence structure correctly. C4 (1 point): Executes the central calculation or analysis accurately and shows enough work to verify the method. C5 (1 point): Links the result or evidence to the governing principle rather than presenting an unsupported answer. C6 (1 point): States a conclusion that directly answers the labeled task and is consistent with the preceding work. C7 (1 point): Uses correct units, sign, scale, notation, terminology, or labels where the task requires them. C8 (1 point): Explains one relevant assumption, limitation, source of uncertainty, or alternative explanation. C9 (1 point): Checks the result against the scenario, representation, or expected qualitative relationship. Award only evidence visible in the response; partial credit within multi-point criteria should reflect the proportion of required evidence completed, and equivalent valid reasoning may earn credit.",,,,AP Calculus BC | Calculator Active II
AP_CALCULUS_BC_M1-2-Q003,ap_calculus_bc_mock_exam_1,Free Response,2,3,45,ap_calculus_bc_mock_exam_1-2-03,No Calculator I,Free Response,Candidate,true,false,Hard,Free Response,"No Calculator I: A twice-differentiable function has f''>0 while f'<0. Construct a complete response that (a) states the governing principle, (b) applies it to the evidence, (c) shows required calculations or representations, (d) justifies the conclusion, and (e) identifies a limitation, assumption, or alternative explanation where relevant.",,,,,See scoring rubric,,,Analytical Applications of Differentiation,Modeling,No Calculator I,Analytical Applications of Differentiation,"A strong response accurately applies the course framework to the stated evidence, explains reasoning rather than listing terms, and addresses every task verb in No Calculator I.",Open response; score analytically. Other defensible approaches may earn credit when supported.,47,900,0.729,true,true,0.94,Candidate pool — rubric/blueprint QA passed; SME editorial review and pilot calibration required,https://pf6xrzskv9.feishu.cn/docx/I4kbdmNLKo2UYvxnaNecwqPBnre?from=from_copylink,https://apcentral.collegeboard.org/courses/ap-calculus-bc/exam,Original parallel mock item. Modeled on the current official AP course framework and public exam format; no official question text is reproduced. Automated blueprint and key checks are complete; subject-matter editorial review and student pilot data are still required before operational use.,9,"Instructional item-level rubric — 9 raw points total; not an official College Board scoring guideline. No Calculator I; content focus: Analytical Applications of Differentiation. C1 (1 point): States the governing principle accurately. Expected conceptual direction: The function is decreasing and concave up. The signs of the first and second derivatives determine monotonicity and concavity separately. C2 (1 point): Extracts and uses the relevant value, observation, source feature, or condition from the item stimulus. C3 (1 point): Sets up the required equation, representation, comparison, experimental logic, or claim-evidence structure correctly. C4 (1 point): Executes the central calculation or analysis accurately and shows enough work to verify the method. C5 (1 point): Links the result or evidence to the governing principle rather than presenting an unsupported answer. C6 (1 point): States a conclusion that directly answers the labeled task and is consistent with the preceding work. C7 (1 point): Uses correct units, sign, scale, notation, terminology, or labels where the task requires them. C8 (1 point): Explains one relevant assumption, limitation, source of uncertainty, or alternative explanation. C9 (1 point): Checks the result against the scenario, representation, or expected qualitative relationship. Award only evidence visible in the response; partial credit within multi-point criteria should reflect the proportion of required evidence completed, and equivalent valid reasoning may earn credit.",,,,AP Calculus BC | No Calculator I
AP_CALCULUS_BC_M1-2-Q004,ap_calculus_bc_mock_exam_1,Free Response,2,4,46,ap_calculus_bc_mock_exam_1-2-04,No Calculator II,Free Response,Candidate,true,false,Hard,Free Response,"No Calculator II: An improper integral is compared with ∫₁∞1/x² dx. Construct a complete response that (a) states the governing principle, (b) applies it to the evidence, (c) shows required calculations or representations, (d) justifies the conclusion, and (e) identifies a limitation, assumption, or alternative explanation where relevant.",,,,,See scoring rubric,,,Integration and Accumulation of Change,Modeling,No Calculator II,Integration and Accumulation of Change,"A strong response accurately applies the course framework to the stated evidence, explains reasoning rather than listing terms, and addresses every task verb in No Calculator II.",Open response; score analytically. Other defensible approaches may earn credit when supported.,48,900,0.686,true,true,0.94,Candidate pool — rubric/blueprint QA passed; SME editorial review and pilot calibration required,https://pf6xrzskv9.feishu.cn/docx/I4kbdmNLKo2UYvxnaNecwqPBnre?from=from_copylink,https://apcentral.collegeboard.org/courses/ap-calculus-bc/exam,Original parallel mock item. Modeled on the current official AP course framework and public exam format; no official question text is reproduced. Automated blueprint and key checks are complete; subject-matter editorial review and student pilot data are still required before operational use.,9,"Instructional item-level rubric — 9 raw points total; not an official College Board scoring guideline. No Calculator II; content focus: Integration and Accumulation of Change. C1 (1 point): States the governing principle accurately. Expected conceptual direction: If the integrand is nonnegative and no larger than 1/x² eventually, the comparison can establish convergence. Direct comparison bounds a nonnegative integral by a known convergent integral. C2 (1 point): Extracts and uses the relevant value, observation, source feature, or condition from the item stimulus. C3 (1 point): Sets up the required equation, representation, comparison, experimental logic, or claim-evidence structure correctly. C4 (1 point): Executes the central calculation or analysis accurately and shows enough work to verify the method. C5 (1 point): Links the result or evidence to the governing principle rather than presenting an unsupported answer. C6 (1 point): States a conclusion that directly answers the labeled task and is consistent with the preceding work. C7 (1 point): Uses correct units, sign, scale, notation, terminology, or labels where the task requires them. C8 (1 point): Explains one relevant assumption, limitation, source of uncertainty, or alternative explanation. C9 (1 point): Checks the result against the scenario, representation, or expected qualitative relationship. Award only evidence visible in the response; partial credit within multi-point criteria should reflect the proportion of required evidence completed, and equivalent valid reasoning may earn credit.",,,,AP Calculus BC | No Calculator II
AP_CALCULUS_BC_M1-2-Q005,ap_calculus_bc_mock_exam_1,Free Response,2,5,47,ap_calculus_bc_mock_exam_1-2-05,No Calculator III,Free Response,Candidate,true,false,Hard,Free Response,"No Calculator III: A curve is given parametrically by x(t), y(t), with x'(t)≠0. Construct a complete response that (a) states the governing principle, (b) applies it to the evidence, (c) shows required calculations or representations, (d) justifies the conclusion, and (e) identifies a limitation, assumption, or alternative explanation where relevant.",,,,,See scoring rubric,,,"Parametric, Polar, and Vector-Valued Functions",Modeling,No Calculator III,"Parametric, Polar, and Vector-Valued Functions","A strong response accurately applies the course framework to the stated evidence, explains reasoning rather than listing terms, and addresses every task verb in No Calculator III.",Open response; score analytically. Other defensible approaches may earn credit when supported.,50,900,0.686,true,true,0.94,Candidate pool — rubric/blueprint QA passed; SME editorial review and pilot calibration required,https://pf6xrzskv9.feishu.cn/docx/I4kbdmNLKo2UYvxnaNecwqPBnre?from=from_copylink,https://apcentral.collegeboard.org/courses/ap-calculus-bc/exam,Original parallel mock item. Modeled on the current official AP course framework and public exam format; no official question text is reproduced. Automated blueprint and key checks are complete; subject-matter editorial review and student pilot data are still required before operational use.,9,"Instructional item-level rubric — 9 raw points total; not an official College Board scoring guideline. No Calculator III; content focus: Parametric, Polar, and Vector-Valued Functions. C1 (1 point): States the governing principle accurately. Expected conceptual direction: dy/dx=y'(t)/x'(t). The chain rule relates derivatives with respect to the parameter. C2 (1 point): Extracts and uses the relevant value, observation, source feature, or condition from the item stimulus. C3 (1 point): Sets up the required equation, representation, comparison, experimental logic, or claim-evidence structure correctly. C4 (1 point): Executes the central calculation or analysis accurately and shows enough work to verify the method. C5 (1 point): Links the result or evidence to the governing principle rather than presenting an unsupported answer. C6 (1 point): States a conclusion that directly answers the labeled task and is consistent with the preceding work. C7 (1 point): Uses correct units, sign, scale, notation, terminology, or labels where the task requires them. C8 (1 point): Explains one relevant assumption, limitation, source of uncertainty, or alternative explanation. C9 (1 point): Checks the result against the scenario, representation, or expected qualitative relationship. Award only evidence visible in the response; partial credit within multi-point criteria should reflect the proportion of required evidence completed, and equivalent valid reasoning may earn credit.",,,,AP Calculus BC | No Calculator III
AP_CALCULUS_BC_M1-2-Q006,ap_calculus_bc_mock_exam_1,Free Response,2,6,48,ap_calculus_bc_mock_exam_1-2-06,No Calculator IV,Free Response,Candidate,true,false,Hard,Free Response,"No Calculator IV: A power series has radius of convergence R. Construct a complete response that (a) states the governing principle, (b) applies it to the evidence, (c) shows required calculations or representations, (d) justifies the conclusion, and (e) identifies a limitation, assumption, or alternative explanation where relevant.",,,,,See scoring rubric,,,Infinite Sequences and Series,Modeling,No Calculator IV,Infinite Sequences and Series,"A strong response accurately applies the course framework to the stated evidence, explains reasoning rather than listing terms, and addresses every task verb in No Calculator IV.",Open response; score analytically. Other defensible approaches may earn credit when supported.,48,900,0.714,true,true,0.94,Candidate pool — rubric/blueprint QA passed; SME editorial review and pilot calibration required,https://pf6xrzskv9.feishu.cn/docx/I4kbdmNLKo2UYvxnaNecwqPBnre?from=from_copylink,https://apcentral.collegeboard.org/courses/ap-calculus-bc/exam,Original parallel mock item. Modeled on the current official AP course framework and public exam format; no official question text is reproduced. Automated blueprint and key checks are complete; subject-matter editorial review and student pilot data are still required before operational use.,9,"Instructional item-level rubric — 9 raw points total; not an official College Board scoring guideline. No Calculator IV; content focus: Infinite Sequences and Series. C1 (1 point): States the governing principle accurately. Expected conceptual direction: Inside |x-a|<R it converges absolutely, while endpoints require separate tests. Power-series endpoint behavior is not determined by the radius alone. C2 (1 point): Extracts and uses the relevant value, observation, source feature, or condition from the item stimulus. C3 (1 point): Sets up the required equation, representation, comparison, experimental logic, or claim-evidence structure correctly. C4 (1 point): Executes the central calculation or analysis accurately and shows enough work to verify the method. C5 (1 point): Links the result or evidence to the governing principle rather than presenting an unsupported answer. C6 (1 point): States a conclusion that directly answers the labeled task and is consistent with the preceding work. C7 (1 point): Uses correct units, sign, scale, notation, terminology, or labels where the task requires them. C8 (1 point): Explains one relevant assumption, limitation, source of uncertainty, or alternative explanation. C9 (1 point): Checks the result against the scenario, representation, or expected qualitative relationship. Award only evidence visible in the response; partial credit within multi-point criteria should reflect the proportion of required evidence completed, and equivalent valid reasoning may earn credit.",,,,AP Calculus BC | No Calculator IV
