id,section,reporting_category,content_domain,topic_group,atomic_topic_zh,atomic_topic_en,title,strategy_name,video_url,cover_url
APMCS-APCA-001,AP Calculus AB,Determine Expressions and Values,Calculus AB,Unit 1: Limits and Continuity,由表格与图像求极限,Limits from Tables and Graphs,Match One-Sided Approaches to Determine Limit,Two-sides same,https://solve-now.s3.us-west-2.amazonaws.com/ap/math-computer-science/atomic-videos/APMCS-APCA-001/lesson.html,https://solve-now.s3.us-west-2.amazonaws.com/ap/math-computer-science/atomic-videos/APMCS-APCA-001/cover.png
APMCS-APCA-002,AP Calculus AB,Translate Representations,Calculus AB,Unit 1: Limits and Continuity,极限的代数求值,Algebraic Evaluation of Limits,Restructure Indeterminate Forms to Evaluate Limits,Detect and Restructure,https://solve-now.s3.us-west-2.amazonaws.com/ap/math-computer-science/atomic-videos/APMCS-APCA-002/lesson.html,https://solve-now.s3.us-west-2.amazonaws.com/ap/math-computer-science/atomic-videos/APMCS-APCA-002/cover.png
APMCS-APCA-003,AP Calculus AB,Justify Reasoning and Solutions,Calculus AB,Unit 1: Limits and Continuity,连续性与介值定理,Continuity and the Intermediate Value Theorem,Match Limit to Value then Apply IVT,Limit-equals-value,https://solve-now.s3.us-west-2.amazonaws.com/ap/math-computer-science/atomic-videos/APMCS-APCA-003/lesson.html,https://solve-now.s3.us-west-2.amazonaws.com/ap/math-computer-science/atomic-videos/APMCS-APCA-003/cover.png
APMCS-APCA-004,AP Calculus AB,Communicate Results and Solutions,Calculus AB,Unit 1: Limits and Continuity,无穷极限与渐近线,Infinite limits and asymptotes,Scan and Test Infinite Limits for Asymptotes,Asymptote scan,https://solve-now.s3.us-west-2.amazonaws.com/ap/math-computer-science/atomic-videos/APMCS-APCA-004/lesson.html,https://solve-now.s3.us-west-2.amazonaws.com/ap/math-computer-science/atomic-videos/APMCS-APCA-004/cover.png
APMCS-APCA-005,AP Calculus AB,Determine Expressions and Values,Calculus AB,Unit 2: Differentiation—Definition and Fundamental Properties,导数的极限定义,Derivative as a Limit,Simplify Difference Quotient to Find Tangent Slope,Limit-Quotient Triad,https://solve-now.s3.us-west-2.amazonaws.com/ap/math-computer-science/atomic-videos/APMCS-APCA-005/lesson.html,https://solve-now.s3.us-west-2.amazonaws.com/ap/math-computer-science/atomic-videos/APMCS-APCA-005/cover.png
APMCS-APCA-006,AP Calculus AB,Translate Representations,Calculus AB,Unit 2: Differentiation—Definition and Fundamental Properties,可导性与连续性,Differentiability and Continuity at a Point,Match Values then Slopes to Decide Differentiability,Limit-then-slopes check,https://solve-now.s3.us-west-2.amazonaws.com/ap/math-computer-science/atomic-videos/APMCS-APCA-006/lesson.html,https://solve-now.s3.us-west-2.amazonaws.com/ap/math-computer-science/atomic-videos/APMCS-APCA-006/cover.png
APMCS-APCA-007,AP Calculus AB,Justify Reasoning and Solutions,Calculus AB,Unit 2: Differentiation—Definition and Fundamental Properties,基本求导法则,Basic derivative rules,Match Rules and Differentiate to Evaluate Rates,Rule-first Derivative,https://solve-now.s3.us-west-2.amazonaws.com/ap/math-computer-science/atomic-videos/APMCS-APCA-007/lesson.html,https://solve-now.s3.us-west-2.amazonaws.com/ap/math-computer-science/atomic-videos/APMCS-APCA-007/cover.png
APMCS-APCA-008,AP Calculus AB,Communicate Results and Solutions,Calculus AB,Unit 2: Differentiation—Definition and Fundamental Properties,高阶导数,Higher-Order Derivatives,Differentiate Twice to Report Acceleration with Units,Differentiate then interpret,https://solve-now.s3.us-west-2.amazonaws.com/ap/math-computer-science/atomic-videos/APMCS-APCA-008/lesson.html,https://solve-now.s3.us-west-2.amazonaws.com/ap/math-computer-science/atomic-videos/APMCS-APCA-008/cover.png
APMCS-APCA-009,AP Calculus AB,Determine Expressions and Values,Calculus AB,"Unit 3: Differentiation—Composite, Implicit, and Inverse Functions",链式法则,Chain Rule for composite functions,Differentiate Outside Then Inside to Find Derivative,Outside-then-inside,https://solve-now.s3.us-west-2.amazonaws.com/ap/math-computer-science/atomic-videos/APMCS-APCA-009/lesson.html,https://solve-now.s3.us-west-2.amazonaws.com/ap/math-computer-science/atomic-videos/APMCS-APCA-009/cover.png
APMCS-APCA-010,AP Calculus AB,Translate Representations,Calculus AB,"Unit 3: Differentiation—Composite, Implicit, and Inverse Functions",隐函数求导,Implicit Differentiation,Differentiate Implicitly and Solve for Slope,Mark the y factors,https://solve-now.s3.us-west-2.amazonaws.com/ap/math-computer-science/atomic-videos/APMCS-APCA-010/lesson.html,https://solve-now.s3.us-west-2.amazonaws.com/ap/math-computer-science/atomic-videos/APMCS-APCA-010/cover.png
APMCS-APCA-011,AP Calculus AB,Justify Reasoning and Solutions,Calculus AB,"Unit 3: Differentiation—Composite, Implicit, and Inverse Functions",反函数导数,Derivatives of inverse functions,Match Inputs to Compute Inverse Derivatives,Match and reciprocate,https://solve-now.s3.us-west-2.amazonaws.com/ap/math-computer-science/atomic-videos/APMCS-APCA-011/lesson.html,https://solve-now.s3.us-west-2.amazonaws.com/ap/math-computer-science/atomic-videos/APMCS-APCA-011/cover.png
APMCS-APCA-012,AP Calculus AB,Communicate Results and Solutions,Calculus AB,"Unit 3: Differentiation—Composite, Implicit, and Inverse Functions",指数、对数与反三角函数求导,"Exponential, Logarithmic, and Inverse Trigonometric Derivatives",Scan Rules then Differentiate Exponential Log Inverse Trig,Three-rule scan,https://solve-now.s3.us-west-2.amazonaws.com/ap/math-computer-science/atomic-videos/APMCS-APCA-012/lesson.html,https://solve-now.s3.us-west-2.amazonaws.com/ap/math-computer-science/atomic-videos/APMCS-APCA-012/cover.png
APMCS-APCA-013,AP Calculus AB,Determine Expressions and Values,Calculus AB,Unit 4: Contextual Applications of Differentiation,情境中的导数解释,Interpreting derivatives in context,Name Rate and Instant to Interpret Derivative,Rate–Instant–Units,https://solve-now.s3.us-west-2.amazonaws.com/ap/math-computer-science/atomic-videos/APMCS-APCA-013/lesson.html,https://solve-now.s3.us-west-2.amazonaws.com/ap/math-computer-science/atomic-videos/APMCS-APCA-013/cover.png
APMCS-APCA-014,AP Calculus AB,Translate Representations,Calculus AB,Unit 4: Contextual Applications of Differentiation,相关变化率,Related Rates,Relate Quantities and Differentiate to Find Rates,Differentiate-Substitute-Solve,https://solve-now.s3.us-west-2.amazonaws.com/ap/math-computer-science/atomic-videos/APMCS-APCA-014/lesson.html,https://solve-now.s3.us-west-2.amazonaws.com/ap/math-computer-science/atomic-videos/APMCS-APCA-014/cover.png
APMCS-APCA-015,AP Calculus AB,Justify Reasoning and Solutions,Calculus AB,Unit 4: Contextual Applications of Differentiation,质点运动,Particle Motion,Test Velocity Intervals to Locate Direction Changes,Sign and Align,https://solve-now.s3.us-west-2.amazonaws.com/ap/math-computer-science/atomic-videos/APMCS-APCA-015/lesson.html,https://solve-now.s3.us-west-2.amazonaws.com/ap/math-computer-science/atomic-videos/APMCS-APCA-015/cover.png
APMCS-APCA-016,AP Calculus AB,Communicate Results and Solutions,Calculus AB,Unit 4: Contextual Applications of Differentiation,局部线性与洛必达法则,Local Linearity and L'Hospital's Rule,Form Tangent Line and Resolve Indeterminate Limits,Tangent-and-Derivative Compare,https://solve-now.s3.us-west-2.amazonaws.com/ap/math-computer-science/atomic-videos/APMCS-APCA-016/lesson.html,https://solve-now.s3.us-west-2.amazonaws.com/ap/math-computer-science/atomic-videos/APMCS-APCA-016/cover.png
APMCS-APCA-017,AP Calculus AB,Determine Expressions and Values,Calculus AB,Unit 5: Analytical Applications of Differentiation,中值定理与极值定理,Mean Value and Extreme Value Theorems,Verify Conditions to Conclude Slopes Match and Extrema,Hypotheses then conclude,https://solve-now.s3.us-west-2.amazonaws.com/ap/math-computer-science/atomic-videos/APMCS-APCA-017/lesson.html,https://solve-now.s3.us-west-2.amazonaws.com/ap/math-computer-science/atomic-videos/APMCS-APCA-017/cover.png
APMCS-APCA-018,AP Calculus AB,Translate Representations,Calculus AB,Unit 5: Analytical Applications of Differentiation,单调性与临界点,"Increasing, Decreasing, and Critical Points",Use Derivative Sign Chart for Monotonicity and Extrema,Sign Chart Sweep,https://solve-now.s3.us-west-2.amazonaws.com/ap/math-computer-science/atomic-videos/APMCS-APCA-018/lesson.html,https://solve-now.s3.us-west-2.amazonaws.com/ap/math-computer-science/atomic-videos/APMCS-APCA-018/cover.png
APMCS-APCA-019,AP Calculus AB,Justify Reasoning and Solutions,Calculus AB,Unit 5: Analytical Applications of Differentiation,凹凸性与拐点,Concavity and Inflection Points,Build Second-Derivative Sign Chart to Locate Inflection Points,Sign-Chart Switch,https://solve-now.s3.us-west-2.amazonaws.com/ap/math-computer-science/atomic-videos/APMCS-APCA-019/lesson.html,https://solve-now.s3.us-west-2.amazonaws.com/ap/math-computer-science/atomic-videos/APMCS-APCA-019/cover.png
APMCS-APCA-020,AP Calculus AB,Communicate Results and Solutions,Calculus AB,Unit 5: Analytical Applications of Differentiation,优化与曲线分析,Optimization and Curve Analysis,Differentiate and Test Candidates to Maximize Area,Build-Reduce-Compare,https://solve-now.s3.us-west-2.amazonaws.com/ap/math-computer-science/atomic-videos/APMCS-APCA-020/lesson.html,https://solve-now.s3.us-west-2.amazonaws.com/ap/math-computer-science/atomic-videos/APMCS-APCA-020/cover.png
APMCS-APCA-021,AP Calculus AB,Determine Expressions and Values,Calculus AB,Unit 6: Integration and Accumulation of Change,黎曼和,Riemann sums for accumulated change,Select Endpoints to Approximate Accumulated Change,Pick-and-sum endpoints,https://solve-now.s3.us-west-2.amazonaws.com/ap/math-computer-science/atomic-videos/APMCS-APCA-021/lesson.html,https://solve-now.s3.us-west-2.amazonaws.com/ap/math-computer-science/atomic-videos/APMCS-APCA-021/cover.png
APMCS-APCA-022,AP Calculus AB,Translate Representations,Calculus AB,Unit 6: Integration and Accumulation of Change,定积分与微积分基本定理,Definite Integrals and the Fundamental Theorem,Evaluate Definite Integrals Using Antiderivatives and Bounds,Antiderivative then bounds,https://solve-now.s3.us-west-2.amazonaws.com/ap/math-computer-science/atomic-videos/APMCS-APCA-022/lesson.html,https://solve-now.s3.us-west-2.amazonaws.com/ap/math-computer-science/atomic-videos/APMCS-APCA-022/cover.png
APMCS-APCA-023,AP Calculus AB,Justify Reasoning and Solutions,Calculus AB,Unit 6: Integration and Accumulation of Change,原函数与换元积分,Antiderivatives and Substitution,Substitute u and Adjust Bounds to Integrate,Match and Substitute,https://solve-now.s3.us-west-2.amazonaws.com/ap/math-computer-science/atomic-videos/APMCS-APCA-023/lesson.html,https://solve-now.s3.us-west-2.amazonaws.com/ap/math-computer-science/atomic-videos/APMCS-APCA-023/cover.png
APMCS-APCA-024,AP Calculus AB,Communicate Results and Solutions,Calculus AB,Unit 6: Integration and Accumulation of Change,数值积分与误差方向,Numerical Integration and Error Direction,Compute Trapezoid or Midpoint and Predict Error,Concavity error compass,https://solve-now.s3.us-west-2.amazonaws.com/ap/math-computer-science/atomic-videos/APMCS-APCA-024/lesson.html,https://solve-now.s3.us-west-2.amazonaws.com/ap/math-computer-science/atomic-videos/APMCS-APCA-024/cover.png
APMCS-APCA-025,AP Calculus AB,Determine Expressions and Values,Calculus AB,Unit 7: Differential Equations,斜率场与解曲线,Slope fields and solution curves,Evaluate Derivative to Infer Immediate Direction,Follow the slopes,https://solve-now.s3.us-west-2.amazonaws.com/ap/math-computer-science/atomic-videos/APMCS-APCA-025/lesson.html,https://solve-now.s3.us-west-2.amazonaws.com/ap/math-computer-science/atomic-videos/APMCS-APCA-025/cover.png
APMCS-APCA-026,AP Calculus AB,Translate Representations,Calculus AB,Unit 7: Differential Equations,可分离微分方程,Separable differential equations with an initial value,Separate Variables and Integrate using Initial Condition,Split-Integrate-Solve,https://solve-now.s3.us-west-2.amazonaws.com/ap/math-computer-science/atomic-videos/APMCS-APCA-026/lesson.html,https://solve-now.s3.us-west-2.amazonaws.com/ap/math-computer-science/atomic-videos/APMCS-APCA-026/cover.png
APMCS-APCA-027,AP Calculus AB,Justify Reasoning and Solutions,Calculus AB,Unit 7: Differential Equations,初始条件与欧拉法,Initial conditions and Euler's method,Step From Initial Condition to Approximate y,Slope-then-step,https://solve-now.s3.us-west-2.amazonaws.com/ap/math-computer-science/atomic-videos/APMCS-APCA-027/lesson.html,https://solve-now.s3.us-west-2.amazonaws.com/ap/math-computer-science/atomic-videos/APMCS-APCA-027/cover.png
APMCS-APCA-028,AP Calculus AB,Communicate Results and Solutions,Calculus AB,Unit 7: Differential Equations,指数增长与衰减,Exponential Growth and Decay,Compute Rate Constant and Anchor Exponential Model,Rate-over-amount anchor,https://solve-now.s3.us-west-2.amazonaws.com/ap/math-computer-science/atomic-videos/APMCS-APCA-028/lesson.html,https://solve-now.s3.us-west-2.amazonaws.com/ap/math-computer-science/atomic-videos/APMCS-APCA-028/cover.png
APMCS-APCA-029,AP Calculus AB,Determine Expressions and Values,Calculus AB,Unit 8: Applications of Integration,平均值与净变化,Average value and net change of a function,Integrate then Decide Net Change or Average Value,Integrate then divide,https://solve-now.s3.us-west-2.amazonaws.com/ap/math-computer-science/atomic-videos/APMCS-APCA-029/lesson.html,https://solve-now.s3.us-west-2.amazonaws.com/ap/math-computer-science/atomic-videos/APMCS-APCA-029/cover.png
APMCS-APCA-030,AP Calculus AB,Translate Representations,Calculus AB,Unit 8: Applications of Integration,曲线间面积,Area Between Curves,Partition by Intersections to Integrate Top Minus Bottom,Top-minus-bottom check,https://solve-now.s3.us-west-2.amazonaws.com/ap/math-computer-science/atomic-videos/APMCS-APCA-030/lesson.html,https://solve-now.s3.us-west-2.amazonaws.com/ap/math-computer-science/atomic-videos/APMCS-APCA-030/cover.png
APMCS-APCA-031,AP Calculus AB,Justify Reasoning and Solutions,Calculus AB,Unit 8: Applications of Integration,截面体积,Volumes with Cross Sections,Slice Squares to Compute Solid Volume,Slice-square-integrate,https://solve-now.s3.us-west-2.amazonaws.com/ap/math-computer-science/atomic-videos/APMCS-APCA-031/lesson.html,https://solve-now.s3.us-west-2.amazonaws.com/ap/math-computer-science/atomic-videos/APMCS-APCA-031/cover.png
APMCS-APCA-032,AP Calculus AB,Communicate Results and Solutions,Calculus AB,Unit 8: Applications of Integration,圆盘与垫片体积,Disk and Washer Volumes,Square Radii to Find Washer Volume,Square the Radii,https://solve-now.s3.us-west-2.amazonaws.com/ap/math-computer-science/atomic-videos/APMCS-APCA-032/lesson.html,https://solve-now.s3.us-west-2.amazonaws.com/ap/math-computer-science/atomic-videos/APMCS-APCA-032/cover.png
APMCS-APCB-001,AP Calculus BC,Determine Expressions and Values,Calculus BC,Unit 1: Limits and Continuity,由表格与图像求极限,Limits from tables and graphs,Read Left and Right Approaches to Determine Limit,Two-sided approach check,https://solve-now.s3.us-west-2.amazonaws.com/ap/math-computer-science/atomic-videos/APMCS-APCB-001/lesson.html,https://solve-now.s3.us-west-2.amazonaws.com/ap/math-computer-science/atomic-videos/APMCS-APCB-001/cover.png
APMCS-APCB-002,AP Calculus BC,Translate Representations,Calculus BC,Unit 1: Limits and Continuity,极限的代数求值,Algebraic evaluation of limits,Rationalize and Cancel to Evaluate Limits,Clean-cancel algebra,https://solve-now.s3.us-west-2.amazonaws.com/ap/math-computer-science/atomic-videos/APMCS-APCB-002/lesson.html,https://solve-now.s3.us-west-2.amazonaws.com/ap/math-computer-science/atomic-videos/APMCS-APCB-002/cover.png
APMCS-APCB-003,AP Calculus BC,Justify Reasoning and Solutions,Calculus BC,Unit 1: Limits and Continuity,连续性与介值定理,Continuity and the Intermediate Value Theorem,"Match Limit to Value, Apply Intermediate Value Theorem",Limit-equals-value proof,https://solve-now.s3.us-west-2.amazonaws.com/ap/math-computer-science/atomic-videos/APMCS-APCB-003/lesson.html,https://solve-now.s3.us-west-2.amazonaws.com/ap/math-computer-science/atomic-videos/APMCS-APCB-003/cover.png
APMCS-APCB-004,AP Calculus BC,Communicate Results and Solutions,Calculus BC,Unit 1: Limits and Continuity,无穷极限与渐近线,Infinite limits and asymptotes,Test Denominator Zeros and Read Slant Asymptotes,Asymptote Split,https://solve-now.s3.us-west-2.amazonaws.com/ap/math-computer-science/atomic-videos/APMCS-APCB-004/lesson.html,https://solve-now.s3.us-west-2.amazonaws.com/ap/math-computer-science/atomic-videos/APMCS-APCB-004/cover.png
APMCS-APCB-005,AP Calculus BC,Determine Expressions and Values,Calculus BC,Unit 2: Differentiation—Definition and Fundamental Properties,导数的极限定义,Derivative as a Limit,Use Two Sided Limit to Compute Derivative,Two-sided tiny-steps,https://solve-now.s3.us-west-2.amazonaws.com/ap/math-computer-science/atomic-videos/APMCS-APCB-005/lesson.html,https://solve-now.s3.us-west-2.amazonaws.com/ap/math-computer-science/atomic-videos/APMCS-APCB-005/cover.png
APMCS-APCB-006,AP Calculus BC,Translate Representations,Calculus BC,Unit 2: Differentiation—Definition and Fundamental Properties,可导性与连续性,Differentiability and Continuity at a Point,Verify Continuity then Classify Differentiability at Point,Two-sided check,https://solve-now.s3.us-west-2.amazonaws.com/ap/math-computer-science/atomic-videos/APMCS-APCB-006/lesson.html,https://solve-now.s3.us-west-2.amazonaws.com/ap/math-computer-science/atomic-videos/APMCS-APCB-006/cover.png
APMCS-APCB-007,AP Calculus BC,Justify Reasoning and Solutions,Calculus BC,Unit 2: Differentiation—Definition and Fundamental Properties,基本求导法则,Basic Derivative Rules,Use Basic Rules for Products and Quotients,Rule then structure,https://solve-now.s3.us-west-2.amazonaws.com/ap/math-computer-science/atomic-videos/APMCS-APCB-007/lesson.html,https://solve-now.s3.us-west-2.amazonaws.com/ap/math-computer-science/atomic-videos/APMCS-APCB-007/cover.png
APMCS-APCB-008,AP Calculus BC,Communicate Results and Solutions,Calculus BC,Unit 2: Differentiation—Definition and Fundamental Properties,高阶导数,Higher-Order Derivatives,Select Derivative Order to Match Rate,Differentiate then interpret,https://solve-now.s3.us-west-2.amazonaws.com/ap/math-computer-science/atomic-videos/APMCS-APCB-008/lesson.html,https://solve-now.s3.us-west-2.amazonaws.com/ap/math-computer-science/atomic-videos/APMCS-APCB-008/cover.png
APMCS-APCB-009,AP Calculus BC,Determine Expressions and Values,Calculus BC,"Unit 3: Differentiation—Composite, Implicit, and Inverse Functions",链式法则,Chain Rule for a Composite Function,Identify Outer and Inner to Differentiate,Outer-Inner-Derivative,https://solve-now.s3.us-west-2.amazonaws.com/ap/math-computer-science/atomic-videos/APMCS-APCB-009/lesson.html,https://solve-now.s3.us-west-2.amazonaws.com/ap/math-computer-science/atomic-videos/APMCS-APCB-009/cover.png
APMCS-APCB-010,AP Calculus BC,Translate Representations,Calculus BC,"Unit 3: Differentiation—Composite, Implicit, and Inverse Functions",隐函数求导,Implicit Differentiation of an Equation,Collect dy/dx Terms to Find Slope,Differentiate-Collect-Solve,https://solve-now.s3.us-west-2.amazonaws.com/ap/math-computer-science/atomic-videos/APMCS-APCB-010/lesson.html,https://solve-now.s3.us-west-2.amazonaws.com/ap/math-computer-science/atomic-videos/APMCS-APCB-010/cover.png
APMCS-APCB-011,AP Calculus BC,Justify Reasoning and Solutions,Calculus BC,"Unit 3: Differentiation—Composite, Implicit, and Inverse Functions",反函数导数,Derivatives of Inverse Functions,Find Preimage to Invert Derivative with Units,Swap and Reciprocal,https://solve-now.s3.us-west-2.amazonaws.com/ap/math-computer-science/atomic-videos/APMCS-APCB-011/lesson.html,https://solve-now.s3.us-west-2.amazonaws.com/ap/math-computer-science/atomic-videos/APMCS-APCB-011/cover.png
APMCS-APCB-012,AP Calculus BC,Communicate Results and Solutions,Calculus BC,"Unit 3: Differentiation—Composite, Implicit, and Inverse Functions",指数、对数与反三角函数求导,"Exponential, Logarithmic, and Inverse Trig Derivatives","Tag and Differentiate Composite Exponential, Logarithmic, Inverse Trig",Tag-Then-Differentiate,https://solve-now.s3.us-west-2.amazonaws.com/ap/math-computer-science/atomic-videos/APMCS-APCB-012/lesson.html,https://solve-now.s3.us-west-2.amazonaws.com/ap/math-computer-science/atomic-videos/APMCS-APCB-012/cover.png
APMCS-APCB-013,AP Calculus BC,Determine Expressions and Values,Calculus BC,Unit 4: Contextual Applications of Differentiation,情境中的导数解释,Interpreting Derivatives in Context,Match Units and Sign to Interpret Derivative,Rate-at-instant lens,https://solve-now.s3.us-west-2.amazonaws.com/ap/math-computer-science/atomic-videos/APMCS-APCB-013/lesson.html,https://solve-now.s3.us-west-2.amazonaws.com/ap/math-computer-science/atomic-videos/APMCS-APCB-013/cover.png
APMCS-APCB-014,AP Calculus BC,Translate Representations,Calculus BC,Unit 4: Contextual Applications of Differentiation,相关变化率,Related Rates,Relate and Differentiate to Determine Target Rate,Differentiate-Relate-Substitute,https://solve-now.s3.us-west-2.amazonaws.com/ap/math-computer-science/atomic-videos/APMCS-APCB-014/lesson.html,https://solve-now.s3.us-west-2.amazonaws.com/ap/math-computer-science/atomic-videos/APMCS-APCB-014/cover.png
APMCS-APCB-015,AP Calculus BC,Justify Reasoning and Solutions,Calculus BC,Unit 4: Contextual Applications of Differentiation,质点运动,Particle Motion,Chart Velocity Signs to Explain Direction and Speed,Sign-and-split,https://solve-now.s3.us-west-2.amazonaws.com/ap/math-computer-science/atomic-videos/APMCS-APCB-015/lesson.html,https://solve-now.s3.us-west-2.amazonaws.com/ap/math-computer-science/atomic-videos/APMCS-APCB-015/cover.png
APMCS-APCB-016,AP Calculus BC,Communicate Results and Solutions,Calculus BC,Unit 4: Contextual Applications of Differentiation,局部线性与洛必达法则,Local linearity and L'Hospital's Rule,Linearize Near a Point and Apply L'Hospital's Rule,Tangent-then-compare,https://solve-now.s3.us-west-2.amazonaws.com/ap/math-computer-science/atomic-videos/APMCS-APCB-016/lesson.html,https://solve-now.s3.us-west-2.amazonaws.com/ap/math-computer-science/atomic-videos/APMCS-APCB-016/cover.png
APMCS-APCB-017,AP Calculus BC,Determine Expressions and Values,Calculus BC,Unit 5: Analytical Applications of Differentiation,中值定理与极值定理,Mean Value and Extreme Value Theorems,Verify Conditions to Apply MVT and EVT,Hypotheses-Then-Compute,https://solve-now.s3.us-west-2.amazonaws.com/ap/math-computer-science/atomic-videos/APMCS-APCB-017/lesson.html,https://solve-now.s3.us-west-2.amazonaws.com/ap/math-computer-science/atomic-videos/APMCS-APCB-017/cover.png
APMCS-APCB-018,AP Calculus BC,Translate Representations,Calculus BC,Unit 5: Analytical Applications of Differentiation,单调性与临界点,"Increasing, Decreasing, and Critical Points",Use Derivative Sign Chart to Classify Extrema,Sign-chart sweep,https://solve-now.s3.us-west-2.amazonaws.com/ap/math-computer-science/atomic-videos/APMCS-APCB-018/lesson.html,https://solve-now.s3.us-west-2.amazonaws.com/ap/math-computer-science/atomic-videos/APMCS-APCB-018/cover.png
APMCS-APCB-019,AP Calculus BC,Justify Reasoning and Solutions,Calculus BC,Unit 5: Analytical Applications of Differentiation,凹凸性与拐点,Concavity and Inflection Points,Test Second Derivative Signs to Confirm Inflection,Sign-change test,https://solve-now.s3.us-west-2.amazonaws.com/ap/math-computer-science/atomic-videos/APMCS-APCB-019/lesson.html,https://solve-now.s3.us-west-2.amazonaws.com/ap/math-computer-science/atomic-videos/APMCS-APCB-019/cover.png
APMCS-APCB-020,AP Calculus BC,Communicate Results and Solutions,Calculus BC,Unit 5: Analytical Applications of Differentiation,优化与曲线分析,Optimization and Curve Analysis,Check Signs and Endpoints to Maximize,Endpoints and Signs,https://solve-now.s3.us-west-2.amazonaws.com/ap/math-computer-science/atomic-videos/APMCS-APCB-020/lesson.html,https://solve-now.s3.us-west-2.amazonaws.com/ap/math-computer-science/atomic-videos/APMCS-APCB-020/cover.png
APMCS-APCB-021,AP Calculus BC,Determine Expressions and Values,Calculus BC,Unit 6: Integration and Accumulation of Change,黎曼和,Riemann sums for accumulated change,Pick Sample Points and Sum Accumulated Change,Pick-Points Multiply-Sum,https://solve-now.s3.us-west-2.amazonaws.com/ap/math-computer-science/atomic-videos/APMCS-APCB-021/lesson.html,https://solve-now.s3.us-west-2.amazonaws.com/ap/math-computer-science/atomic-videos/APMCS-APCB-021/cover.png
APMCS-APCB-022,AP Calculus BC,Translate Representations,Calculus BC,Unit 6: Integration and Accumulation of Change,定积分与微积分基本定理,Definite Integrals and the Fundamental Theorem,Identify Antiderivative to Compute Net Change,Net change link,https://solve-now.s3.us-west-2.amazonaws.com/ap/math-computer-science/atomic-videos/APMCS-APCB-022/lesson.html,https://solve-now.s3.us-west-2.amazonaws.com/ap/math-computer-science/atomic-videos/APMCS-APCB-022/cover.png
APMCS-APCB-023,AP Calculus BC,Justify Reasoning and Solutions,Calculus BC,Unit 6: Integration and Accumulation of Change,原函数与换元积分,Antiderivatives and Substitution,Substitute u and Switch Limits to Integrate,Spot-and-Substitute,https://solve-now.s3.us-west-2.amazonaws.com/ap/math-computer-science/atomic-videos/APMCS-APCB-023/lesson.html,https://solve-now.s3.us-west-2.amazonaws.com/ap/math-computer-science/atomic-videos/APMCS-APCB-023/cover.png
APMCS-APCB-024,AP Calculus BC,Communicate Results and Solutions,Calculus BC,Unit 6: Integration and Accumulation of Change,数值积分与误差方向,Numerical Integration and Error Direction,Use Concavity to Predict Numerical Integration Error,Concavity-guided traps,https://solve-now.s3.us-west-2.amazonaws.com/ap/math-computer-science/atomic-videos/APMCS-APCB-024/lesson.html,https://solve-now.s3.us-west-2.amazonaws.com/ap/math-computer-science/atomic-videos/APMCS-APCB-024/cover.png
APMCS-APCB-025,AP Calculus BC,Determine Expressions and Values,Calculus BC,Unit 6: Integration and Accumulation of Change,分部积分与部分分式,Integration by Parts and Partial Fractions,Choose By Parts or Partial Fractions to Evaluate,Choose-and-decompose,https://solve-now.s3.us-west-2.amazonaws.com/ap/math-computer-science/atomic-videos/APMCS-APCB-025/lesson.html,https://solve-now.s3.us-west-2.amazonaws.com/ap/math-computer-science/atomic-videos/APMCS-APCB-025/cover.png
APMCS-APCB-026,AP Calculus BC,Translate Representations,Calculus BC,Unit 6: Integration and Accumulation of Change,反常积分,Improper Integrals,Rewrite With Limits to Decide Convergence,Limit-then-integrate,https://solve-now.s3.us-west-2.amazonaws.com/ap/math-computer-science/atomic-videos/APMCS-APCB-026/lesson.html,https://solve-now.s3.us-west-2.amazonaws.com/ap/math-computer-science/atomic-videos/APMCS-APCB-026/cover.png
APMCS-APCB-027,AP Calculus BC,Justify Reasoning and Solutions,Calculus BC,Unit 7: Differential Equations,斜率场与解曲线,Slope fields and solution curves,Compute Value and Slope to Validate Point,Follow the slopes,https://solve-now.s3.us-west-2.amazonaws.com/ap/math-computer-science/atomic-videos/APMCS-APCB-027/lesson.html,https://solve-now.s3.us-west-2.amazonaws.com/ap/math-computer-science/atomic-videos/APMCS-APCB-027/cover.png
APMCS-APCB-028,AP Calculus BC,Communicate Results and Solutions,Calculus BC,Unit 7: Differential Equations,可分离微分方程,Separable Differential Equations,Separate Variables and Integrate for Particular Solution,separate-integrate-solve,https://solve-now.s3.us-west-2.amazonaws.com/ap/math-computer-science/atomic-videos/APMCS-APCB-028/lesson.html,https://solve-now.s3.us-west-2.amazonaws.com/ap/math-computer-science/atomic-videos/APMCS-APCB-028/cover.png
APMCS-APCB-029,AP Calculus BC,Determine Expressions and Values,Calculus BC,Unit 7: Differential Equations,初始条件与欧拉法,Initial Conditions and Euler's Method,Step with Euler to Estimate y,Left-slope march,https://solve-now.s3.us-west-2.amazonaws.com/ap/math-computer-science/atomic-videos/APMCS-APCB-029/lesson.html,https://solve-now.s3.us-west-2.amazonaws.com/ap/math-computer-science/atomic-videos/APMCS-APCB-029/cover.png
APMCS-APCB-030,AP Calculus BC,Translate Representations,Calculus BC,Unit 7: Differential Equations,指数增长与衰减,Exponential Growth and Decay,Link Rate to Amount to Predict Exponential Output,Rate-to-amount link,https://solve-now.s3.us-west-2.amazonaws.com/ap/math-computer-science/atomic-videos/APMCS-APCB-030/lesson.html,https://solve-now.s3.us-west-2.amazonaws.com/ap/math-computer-science/atomic-videos/APMCS-APCB-030/cover.png
APMCS-APCB-031,AP Calculus BC,Justify Reasoning and Solutions,Calculus BC,Unit 7: Differential Equations,逻辑斯蒂微分方程,Logistic Differential Equations,Solve Logistic Model and Rate via Half Capacity,Half-capacity check,https://solve-now.s3.us-west-2.amazonaws.com/ap/math-computer-science/atomic-videos/APMCS-APCB-031/lesson.html,https://solve-now.s3.us-west-2.amazonaws.com/ap/math-computer-science/atomic-videos/APMCS-APCB-031/cover.png
APMCS-APCB-032,AP Calculus BC,Communicate Results and Solutions,Calculus BC,Unit 8: Applications of Integration,平均值与净变化,Average Value and Net Change,Integrate to Compute Average Value and Net Change,Integrate then divide,https://solve-now.s3.us-west-2.amazonaws.com/ap/math-computer-science/atomic-videos/APMCS-APCB-032/lesson.html,https://solve-now.s3.us-west-2.amazonaws.com/ap/math-computer-science/atomic-videos/APMCS-APCB-032/cover.png
APMCS-APCB-033,AP Calculus BC,Determine Expressions and Values,Calculus BC,Unit 8: Applications of Integration,曲线间面积,Area Between Curves,Locate Intersections and Integrate Top Minus Bottom,Intersect-Top-Integrate,https://solve-now.s3.us-west-2.amazonaws.com/ap/math-computer-science/atomic-videos/APMCS-APCB-033/lesson.html,https://solve-now.s3.us-west-2.amazonaws.com/ap/math-computer-science/atomic-videos/APMCS-APCB-033/cover.png
APMCS-APCB-034,AP Calculus BC,Translate Representations,Calculus BC,Unit 8: Applications of Integration,截面体积,Volumes with Cross Sections,Slice Equilateral Cross Sections to Integrate Volume,Slice-and-integrate Triangles,https://solve-now.s3.us-west-2.amazonaws.com/ap/math-computer-science/atomic-videos/APMCS-APCB-034/lesson.html,https://solve-now.s3.us-west-2.amazonaws.com/ap/math-computer-science/atomic-videos/APMCS-APCB-034/cover.png
APMCS-APCB-035,AP Calculus BC,Justify Reasoning and Solutions,Calculus BC,Unit 8: Applications of Integration,圆盘与垫片体积,Disk and Washer Volumes,Square Radii to Compute Washer Volume,Square the radii,https://solve-now.s3.us-west-2.amazonaws.com/ap/math-computer-science/atomic-videos/APMCS-APCB-035/lesson.html,https://solve-now.s3.us-west-2.amazonaws.com/ap/math-computer-science/atomic-videos/APMCS-APCB-035/cover.png
APMCS-APCB-036,AP Calculus BC,Communicate Results and Solutions,Calculus BC,"Unit 9: Parametric Equations, Polar Coordinates, and Vector-Valued Functions",参数方程求导,Parametric derivatives dy/dx,Differentiate Parametric Components to Compute dy/dx,Quotient-of-derivatives,https://solve-now.s3.us-west-2.amazonaws.com/ap/math-computer-science/atomic-videos/APMCS-APCB-036/lesson.html,https://solve-now.s3.us-west-2.amazonaws.com/ap/math-computer-science/atomic-videos/APMCS-APCB-036/cover.png
APMCS-APCB-037,AP Calculus BC,Determine Expressions and Values,Calculus BC,"Unit 9: Parametric Equations, Polar Coordinates, and Vector-Valued Functions",参数曲线二阶导数,Second derivatives of parametric curves,Differentiate Parametric Slope to Find Second Derivative,Differentiate then divide,https://solve-now.s3.us-west-2.amazonaws.com/ap/math-computer-science/atomic-videos/APMCS-APCB-037/lesson.html,https://solve-now.s3.us-west-2.amazonaws.com/ap/math-computer-science/atomic-videos/APMCS-APCB-037/cover.png
APMCS-APCB-038,AP Calculus BC,Translate Representations,Calculus BC,"Unit 9: Parametric Equations, Polar Coordinates, and Vector-Valued Functions",向量值运动,Vector-Valued Motion,Differentiate Position to Find Speed Magnitude and Acceleration,Differentiate-then-magnitude,https://solve-now.s3.us-west-2.amazonaws.com/ap/math-computer-science/atomic-videos/APMCS-APCB-038/lesson.html,https://solve-now.s3.us-west-2.amazonaws.com/ap/math-computer-science/atomic-videos/APMCS-APCB-038/cover.png
APMCS-APCB-039,AP Calculus BC,Justify Reasoning and Solutions,Calculus BC,"Unit 9: Parametric Equations, Polar Coordinates, and Vector-Valued Functions",参数与向量曲线弧长,Arc length of parametric and vector curves,Form Speed and Integrate Arc Length,Speed-Integral-Units,https://solve-now.s3.us-west-2.amazonaws.com/ap/math-computer-science/atomic-videos/APMCS-APCB-039/lesson.html,https://solve-now.s3.us-west-2.amazonaws.com/ap/math-computer-science/atomic-videos/APMCS-APCB-039/cover.png
APMCS-APCB-040,AP Calculus BC,Communicate Results and Solutions,Calculus BC,"Unit 9: Parametric Equations, Polar Coordinates, and Vector-Valued Functions",极坐标与导数,Polar Coordinates and Derivatives,Differentiate Polar Parametrics to Write Tangent Line,Polar slope pipeline,https://solve-now.s3.us-west-2.amazonaws.com/ap/math-computer-science/atomic-videos/APMCS-APCB-040/lesson.html,https://solve-now.s3.us-west-2.amazonaws.com/ap/math-computer-science/atomic-videos/APMCS-APCB-040/cover.png
APMCS-APCB-041,AP Calculus BC,Determine Expressions and Values,Calculus BC,"Unit 9: Parametric Equations, Polar Coordinates, and Vector-Valued Functions",极坐标面积,Polar area between curves,Integrate Outer Squared Minus Inner Squared for Area,Square-then-half,https://solve-now.s3.us-west-2.amazonaws.com/ap/math-computer-science/atomic-videos/APMCS-APCB-041/lesson.html,https://solve-now.s3.us-west-2.amazonaws.com/ap/math-computer-science/atomic-videos/APMCS-APCB-041/cover.png
APMCS-APCB-042,AP Calculus BC,Translate Representations,Calculus BC,Unit 10: Infinite Sequences and Series,数列极限,Sequence Limits,Factor Leading Powers to Determine Sequence Limit,Leading-terms ratio,https://solve-now.s3.us-west-2.amazonaws.com/ap/math-computer-science/atomic-videos/APMCS-APCB-042/lesson.html,https://solve-now.s3.us-west-2.amazonaws.com/ap/math-computer-science/atomic-videos/APMCS-APCB-042/cover.png
APMCS-APCB-043,AP Calculus BC,Justify Reasoning and Solutions,Calculus BC,Unit 10: Infinite Sequences and Series,几何级数与望远镜级数,Geometric and Telescoping Series,Apply Ratio or Cancellation to Sum Series,Ratio-or-cancel check,https://solve-now.s3.us-west-2.amazonaws.com/ap/math-computer-science/atomic-videos/APMCS-APCB-043/lesson.html,https://solve-now.s3.us-west-2.amazonaws.com/ap/math-computer-science/atomic-videos/APMCS-APCB-043/cover.png
APMCS-APCB-044,AP Calculus BC,Communicate Results and Solutions,Calculus BC,Unit 10: Infinite Sequences and Series,积分判别与p级数判别,Integral and p-Series Tests,Spot p-Form or Integrate to Classify Convergence,Compare-or-Integrate,https://solve-now.s3.us-west-2.amazonaws.com/ap/math-computer-science/atomic-videos/APMCS-APCB-044/lesson.html,https://solve-now.s3.us-west-2.amazonaws.com/ap/math-computer-science/atomic-videos/APMCS-APCB-044/cover.png
APMCS-APCB-045,AP Calculus BC,Determine Expressions and Values,Calculus BC,Unit 10: Infinite Sequences and Series,比较与极限比较判别,Comparison and Limit Comparison Tests,Compare Dominant Terms to Decide Convergence,Match and Compare,https://solve-now.s3.us-west-2.amazonaws.com/ap/math-computer-science/atomic-videos/APMCS-APCB-045/lesson.html,https://solve-now.s3.us-west-2.amazonaws.com/ap/math-computer-science/atomic-videos/APMCS-APCB-045/cover.png
APMCS-APCB-046,AP Calculus BC,Translate Representations,Calculus BC,Unit 10: Infinite Sequences and Series,交错级数与误差,Alternating series and error bound,Use Next Term to Bound Alternating Series Error,Next-term bound,https://solve-now.s3.us-west-2.amazonaws.com/ap/math-computer-science/atomic-videos/APMCS-APCB-046/lesson.html,https://solve-now.s3.us-west-2.amazonaws.com/ap/math-computer-science/atomic-videos/APMCS-APCB-046/cover.png
APMCS-APCB-047,AP Calculus BC,Justify Reasoning and Solutions,Calculus BC,Unit 10: Infinite Sequences and Series,比值与根值判别,Ratio and Root Tests,Compute Ratio or Root Limit to Classify Convergence,Under-one limit rule,https://solve-now.s3.us-west-2.amazonaws.com/ap/math-computer-science/atomic-videos/APMCS-APCB-047/lesson.html,https://solve-now.s3.us-west-2.amazonaws.com/ap/math-computer-science/atomic-videos/APMCS-APCB-047/cover.png
APMCS-APCB-048,AP Calculus BC,Communicate Results and Solutions,Calculus BC,Unit 10: Infinite Sequences and Series,泰勒与麦克劳林级数,Taylor and Maclaurin Series,Fix Center and Compute Taylor Coefficients,Coefficient-by-derivative,https://solve-now.s3.us-west-2.amazonaws.com/ap/math-computer-science/atomic-videos/APMCS-APCB-048/lesson.html,https://solve-now.s3.us-west-2.amazonaws.com/ap/math-computer-science/atomic-videos/APMCS-APCB-048/cover.png
APMCS-APCB-049,AP Calculus BC,Determine Expressions and Values,Calculus BC,Unit 10: Infinite Sequences and Series,幂级数收敛区间与误差,Power series interval and error bound,Apply Tests to Find Interval and Error,Radius then remainder,https://solve-now.s3.us-west-2.amazonaws.com/ap/math-computer-science/atomic-videos/APMCS-APCB-049/lesson.html,https://solve-now.s3.us-west-2.amazonaws.com/ap/math-computer-science/atomic-videos/APMCS-APCB-049/cover.png
APMCS-APCSA-001,AP Computer Science A,Design Code,Computer Science A,Unit 1: Using Objects and Methods,基本类型与变量,Primitive Types and Variables,Trace Types to Predict Assignment Results,Type-then-Assign,https://solve-now.s3.us-west-2.amazonaws.com/ap/math-computer-science/atomic-videos/APMCS-APCSA-001/lesson.html,https://solve-now.s3.us-west-2.amazonaws.com/ap/math-computer-science/atomic-videos/APMCS-APCSA-001/cover.png
APMCS-APCSA-002,AP Computer Science A,Develop Code,Computer Science A,Unit 1: Using Objects and Methods,算术表达式与类型转换,Arithmetic Expressions and Casting,Cast Then Compute to Predict Output,Cast-Then-Compute,https://solve-now.s3.us-west-2.amazonaws.com/ap/math-computer-science/atomic-videos/APMCS-APCSA-002/lesson.html,https://solve-now.s3.us-west-2.amazonaws.com/ap/math-computer-science/atomic-videos/APMCS-APCSA-002/cover.png
APMCS-APCSA-003,AP Computer Science A,Analyze Code,Computer Science A,Unit 1: Using Objects and Methods,字符串对象与方法,String objects and methods,Trace String Methods to Predict Outputs,Read-then-Check,https://solve-now.s3.us-west-2.amazonaws.com/ap/math-computer-science/atomic-videos/APMCS-APCSA-003/lesson.html,https://solve-now.s3.us-west-2.amazonaws.com/ap/math-computer-science/atomic-videos/APMCS-APCSA-003/cover.png
APMCS-APCSA-004,AP Computer Science A,Document Code and Computing Systems,Computer Science A,Unit 1: Using Objects and Methods,Math类方法,Math Class Methods,Scale Random and Cast to Range,Scale and cast,https://solve-now.s3.us-west-2.amazonaws.com/ap/math-computer-science/atomic-videos/APMCS-APCSA-004/lesson.html,https://solve-now.s3.us-west-2.amazonaws.com/ap/math-computer-science/atomic-videos/APMCS-APCSA-004/cover.png
APMCS-APCSA-005,AP Computer Science A,Use Computers Responsibly,Computer Science A,Unit 1: Using Objects and Methods,对象构造与引用,"Object construction, aliasing, and null",Sketch Aliases and Guard Null to Predict Output,Construct-alias-null check,https://solve-now.s3.us-west-2.amazonaws.com/ap/math-computer-science/atomic-videos/APMCS-APCSA-005/lesson.html,https://solve-now.s3.us-west-2.amazonaws.com/ap/math-computer-science/atomic-videos/APMCS-APCSA-005/cover.png
APMCS-APCSA-006,AP Computer Science A,Design Code,Computer Science A,Unit 1: Using Objects and Methods,方法调用与返回值,Method Calls and Return Values,Use Signatures to Evaluate Returns and Side Effects,Signature then use,https://solve-now.s3.us-west-2.amazonaws.com/ap/math-computer-science/atomic-videos/APMCS-APCSA-006/lesson.html,https://solve-now.s3.us-west-2.amazonaws.com/ap/math-computer-science/atomic-videos/APMCS-APCSA-006/cover.png
APMCS-APCSA-007,AP Computer Science A,Develop Code,Computer Science A,Unit 1: Using Objects and Methods,参数与作用域,Parameters and Scope,Trace Parameter Scope to Predict Output,Scope and copy check,https://solve-now.s3.us-west-2.amazonaws.com/ap/math-computer-science/atomic-videos/APMCS-APCSA-007/lesson.html,https://solve-now.s3.us-west-2.amazonaws.com/ap/math-computer-science/atomic-videos/APMCS-APCSA-007/cover.png
APMCS-APCSA-008,AP Computer Science A,Analyze Code,Computer Science A,Unit 1: Using Objects and Methods,API文档与负责任使用,API Documentation and Responsible Use,Apply Method Contracts to Choose Valid Inputs,Read-Satisfy-Respect,https://solve-now.s3.us-west-2.amazonaws.com/ap/math-computer-science/atomic-videos/APMCS-APCSA-008/lesson.html,https://solve-now.s3.us-west-2.amazonaws.com/ap/math-computer-science/atomic-videos/APMCS-APCSA-008/cover.png
APMCS-APCSA-009,AP Computer Science A,Document Code and Computing Systems,Computer Science A,Unit 2: Selection and Iteration,布尔表达式,Boolean Expressions,Apply Short-Circuit to Predict Boolean Results,Skip or Evaluate,https://solve-now.s3.us-west-2.amazonaws.com/ap/math-computer-science/atomic-videos/APMCS-APCSA-009/lesson.html,https://solve-now.s3.us-west-2.amazonaws.com/ap/math-computer-science/atomic-videos/APMCS-APCSA-009/cover.png
APMCS-APCSA-010,AP Computer Science A,Use Computers Responsibly,Computer Science A,Unit 2: Selection and Iteration,条件与嵌套选择,"If, If-Else, and Nested Selection",Order Branches to Ensure Exclusive Execution,Ordered exclusive gates,https://solve-now.s3.us-west-2.amazonaws.com/ap/math-computer-science/atomic-videos/APMCS-APCSA-010/lesson.html,https://solve-now.s3.us-west-2.amazonaws.com/ap/math-computer-science/atomic-videos/APMCS-APCSA-010/cover.png
APMCS-APCSA-011,AP Computer Science A,Design Code,Computer Science A,Unit 2: Selection and Iteration,德摩根律与等价条件,De Morgan's Laws and Equivalent Conditions,Flip Comparisons and Swap Operators to Remove NOT,Flip and Swap Negation,https://solve-now.s3.us-west-2.amazonaws.com/ap/math-computer-science/atomic-videos/APMCS-APCSA-011/lesson.html,https://solve-now.s3.us-west-2.amazonaws.com/ap/math-computer-science/atomic-videos/APMCS-APCSA-011/cover.png
APMCS-APCSA-012,AP Computer Science A,Develop Code,Computer Science A,Unit 2: Selection and Iteration,while循环,While Loops,Trace While Loop Updates to Predict Output,Start-Change-Stop,https://solve-now.s3.us-west-2.amazonaws.com/ap/math-computer-science/atomic-videos/APMCS-APCSA-012/lesson.html,https://solve-now.s3.us-west-2.amazonaws.com/ap/math-computer-science/atomic-videos/APMCS-APCSA-012/cover.png
APMCS-APCSA-013,AP Computer Science A,Analyze Code,Computer Science A,Unit 2: Selection and Iteration,for循环,For Loops,Trace Index Sequence to Determine Output,Boundary triple check,https://solve-now.s3.us-west-2.amazonaws.com/ap/math-computer-science/atomic-videos/APMCS-APCSA-013/lesson.html,https://solve-now.s3.us-west-2.amazonaws.com/ap/math-computer-science/atomic-videos/APMCS-APCSA-013/cover.png
APMCS-APCSA-014,AP Computer Science A,Document Code and Computing Systems,Computer Science A,Unit 2: Selection and Iteration,嵌套循环,Nested Loops,Trace Indices to Predict Nested Loop Output,Start Stop Step trace,https://solve-now.s3.us-west-2.amazonaws.com/ap/math-computer-science/atomic-videos/APMCS-APCSA-014/lesson.html,https://solve-now.s3.us-west-2.amazonaws.com/ap/math-computer-science/atomic-videos/APMCS-APCSA-014/cover.png
APMCS-APCSA-015,AP Computer Science A,Use Computers Responsibly,Computer Science A,Unit 2: Selection and Iteration,算法跟踪,Algorithm Tracing,Trace Variables to Predict Loop Output,Line-by-line Ledger,https://solve-now.s3.us-west-2.amazonaws.com/ap/math-computer-science/atomic-videos/APMCS-APCSA-015/lesson.html,https://solve-now.s3.us-west-2.amazonaws.com/ap/math-computer-science/atomic-videos/APMCS-APCSA-015/cover.png
APMCS-APCSA-016,AP Computer Science A,Design Code,Computer Science A,Unit 2: Selection and Iteration,循环设计与调试,Loop Design and Debugging,Guard Index and Maintain Accumulator Invariant,Guarded index invariant,https://solve-now.s3.us-west-2.amazonaws.com/ap/math-computer-science/atomic-videos/APMCS-APCSA-016/lesson.html,https://solve-now.s3.us-west-2.amazonaws.com/ap/math-computer-science/atomic-videos/APMCS-APCSA-016/cover.png
APMCS-APCSA-017,AP Computer Science A,Develop Code,Computer Science A,Unit 3: Class Creation,类头与对象状态,Class headers and object state,Extract Nouns to Define Class State,Header State Trace,https://solve-now.s3.us-west-2.amazonaws.com/ap/math-computer-science/atomic-videos/APMCS-APCSA-017/lesson.html,https://solve-now.s3.us-west-2.amazonaws.com/ap/math-computer-science/atomic-videos/APMCS-APCSA-017/cover.png
APMCS-APCSA-018,AP Computer Science A,Analyze Code,Computer Science A,Unit 3: Class Creation,构造器,Constructors,Check Constructor Header to Ensure Proper Initialization,Constructor check trio,https://solve-now.s3.us-west-2.amazonaws.com/ap/math-computer-science/atomic-videos/APMCS-APCSA-018/lesson.html,https://solve-now.s3.us-west-2.amazonaws.com/ap/math-computer-science/atomic-videos/APMCS-APCSA-018/cover.png
APMCS-APCSA-019,AP Computer Science A,Document Code and Computing Systems,Computer Science A,Unit 3: Class Creation,实例方法,Instance Methods,Trace Instance Methods to Predict Output,Receiver-state update,https://solve-now.s3.us-west-2.amazonaws.com/ap/math-computer-science/atomic-videos/APMCS-APCSA-019/lesson.html,https://solve-now.s3.us-west-2.amazonaws.com/ap/math-computer-science/atomic-videos/APMCS-APCSA-019/cover.png
APMCS-APCSA-020,AP Computer Science A,Use Computers Responsibly,Computer Science A,Unit 3: Class Creation,访问器与修改器,Accessor and Mutator Methods,Implement Accessors and Guard Mutators to Preserve Invariants,Accessor-mutator guard,https://solve-now.s3.us-west-2.amazonaws.com/ap/math-computer-science/atomic-videos/APMCS-APCSA-020/lesson.html,https://solve-now.s3.us-west-2.amazonaws.com/ap/math-computer-science/atomic-videos/APMCS-APCSA-020/cover.png
APMCS-APCSA-021,AP Computer Science A,Design Code,Computer Science A,Unit 3: Class Creation,参数、返回类型与重载,"Parameters, Return Types, and Overloading",List Signatures to Resolve Overloaded Calls,Signature-first resolve,https://solve-now.s3.us-west-2.amazonaws.com/ap/math-computer-science/atomic-videos/APMCS-APCSA-021/lesson.html,https://solve-now.s3.us-west-2.amazonaws.com/ap/math-computer-science/atomic-videos/APMCS-APCSA-021/cover.png
APMCS-APCSA-022,AP Computer Science A,Develop Code,Computer Science A,Unit 3: Class Creation,封装与私有数据,Encapsulation and Private Data,Trace Public Methods to Infer Encapsulated State,Gate-and-Get,https://solve-now.s3.us-west-2.amazonaws.com/ap/math-computer-science/atomic-videos/APMCS-APCSA-022/lesson.html,https://solve-now.s3.us-west-2.amazonaws.com/ap/math-computer-science/atomic-videos/APMCS-APCSA-022/cover.png
APMCS-APCSA-023,AP Computer Science A,Analyze Code,Computer Science A,Unit 3: Class Creation,this与对象身份,this and Object Identity,Use this to Update Fields and Verify Identity,Pass-and-shadow check,https://solve-now.s3.us-west-2.amazonaws.com/ap/math-computer-science/atomic-videos/APMCS-APCSA-023/lesson.html,https://solve-now.s3.us-west-2.amazonaws.com/ap/math-computer-science/atomic-videos/APMCS-APCSA-023/cover.png
APMCS-APCSA-024,AP Computer Science A,Document Code and Computing Systems,Computer Science A,Unit 3: Class Creation,类规格与测试,Class specifications and testing,Extract Contracts to Drive Class Tests,Contract-Code-Cases,https://solve-now.s3.us-west-2.amazonaws.com/ap/math-computer-science/atomic-videos/APMCS-APCSA-024/lesson.html,https://solve-now.s3.us-west-2.amazonaws.com/ap/math-computer-science/atomic-videos/APMCS-APCSA-024/cover.png
APMCS-APCSA-025,AP Computer Science A,Use Computers Responsibly,Computer Science A,Unit 4: Data Collections,一维数组,"One-Dimensional Arrays: length, indexes, and element types",Check Bounds and Types to Prevent Array Errors,Bounds then Types,https://solve-now.s3.us-west-2.amazonaws.com/ap/math-computer-science/atomic-videos/APMCS-APCSA-025/lesson.html,https://solve-now.s3.us-west-2.amazonaws.com/ap/math-computer-science/atomic-videos/APMCS-APCSA-025/cover.png
APMCS-APCSA-026,AP Computer Science A,Design Code,Computer Science A,Unit 4: Data Collections,数组遍历,Array Traversal with index loops,Index With Bounds to Update Neighbors Safely,Neighbor Index Loop,https://solve-now.s3.us-west-2.amazonaws.com/ap/math-computer-science/atomic-videos/APMCS-APCSA-026/lesson.html,https://solve-now.s3.us-west-2.amazonaws.com/ap/math-computer-science/atomic-videos/APMCS-APCSA-026/cover.png
APMCS-APCSA-027,AP Computer Science A,Develop Code,Computer Science A,Unit 4: Data Collections,ArrayList操作,ArrayList Operations: track index effects,Recompute Indices to Track ArrayList Changes,Recompute indices,https://solve-now.s3.us-west-2.amazonaws.com/ap/math-computer-science/atomic-videos/APMCS-APCSA-027/lesson.html,https://solve-now.s3.us-west-2.amazonaws.com/ap/math-computer-science/atomic-videos/APMCS-APCSA-027/cover.png
APMCS-APCSA-028,AP Computer Science A,Analyze Code,Computer Science A,Unit 4: Data Collections,ArrayList遍历与修改,ArrayList Traversal and Mutation,Traverse and Modify ArrayList Without Skips,Backward-or-decrement,https://solve-now.s3.us-west-2.amazonaws.com/ap/math-computer-science/atomic-videos/APMCS-APCSA-028/lesson.html,https://solve-now.s3.us-west-2.amazonaws.com/ap/math-computer-science/atomic-videos/APMCS-APCSA-028/cover.png
APMCS-APCSA-029,AP Computer Science A,Document Code and Computing Systems,Computer Science A,Unit 4: Data Collections,二维数组,Two-Dimensional Arrays: row and column bounds,Validate Bounds to Index 2D Arrays Safely,Bound-first loop,https://solve-now.s3.us-west-2.amazonaws.com/ap/math-computer-science/atomic-videos/APMCS-APCSA-029/lesson.html,https://solve-now.s3.us-west-2.amazonaws.com/ap/math-computer-science/atomic-videos/APMCS-APCSA-029/cover.png
APMCS-APCSA-030,AP Computer Science A,Use Computers Responsibly,Computer Science A,Unit 4: Data Collections,二维数组遍历,2D Array Traversal by row or column with ragged safety,Index Then Guard to Traverse Ragged Arrays,Index-then-guard,https://solve-now.s3.us-west-2.amazonaws.com/ap/math-computer-science/atomic-videos/APMCS-APCSA-030/lesson.html,https://solve-now.s3.us-west-2.amazonaws.com/ap/math-computer-science/atomic-videos/APMCS-APCSA-030/cover.png
APMCS-APCSA-031,AP Computer Science A,Design Code,Computer Science A,Unit 4: Data Collections,搜索与聚合,Searching and Aggregation,Update Aggregates and Latch First Match,Latch and count,https://solve-now.s3.us-west-2.amazonaws.com/ap/math-computer-science/atomic-videos/APMCS-APCSA-031/lesson.html,https://solve-now.s3.us-west-2.amazonaws.com/ap/math-computer-science/atomic-videos/APMCS-APCSA-031/cover.png
APMCS-APCSA-032,AP Computer Science A,Develop Code,Computer Science A,Unit 4: Data Collections,集合算法分析,Collection Algorithm Analysis,Trace Mutating Loops to Predict Collection State,Loop-Effect Checklist,https://solve-now.s3.us-west-2.amazonaws.com/ap/math-computer-science/atomic-videos/APMCS-APCSA-032/lesson.html,https://solve-now.s3.us-west-2.amazonaws.com/ap/math-computer-science/atomic-videos/APMCS-APCSA-032/cover.png
APMCS-APCSP-001,AP Computer Science Principles,Computational Solution Design,Computer Science Principles,Big Idea 1: Creative Development,迭代式开发,Iterative Development,Trace Test Feedback to Improve Artifact,Cycle-Trace Explain,https://solve-now.s3.us-west-2.amazonaws.com/ap/math-computer-science/atomic-videos/APMCS-APCSP-001/lesson.html,https://solve-now.s3.us-west-2.amazonaws.com/ap/math-computer-science/atomic-videos/APMCS-APCSP-001/cover.png
APMCS-APCSP-002,AP Computer Science Principles,Algorithms and Program Development,Computer Science Principles,Big Idea 1: Creative Development,协作与程序开发,Collaboration and Program Development,Assign Roles and Integrate Changes with Attribution,Roles Communication Integrate Check,https://solve-now.s3.us-west-2.amazonaws.com/ap/math-computer-science/atomic-videos/APMCS-APCSP-002/lesson.html,https://solve-now.s3.us-west-2.amazonaws.com/ap/math-computer-science/atomic-videos/APMCS-APCSP-002/cover.png
APMCS-APCSP-003,AP Computer Science Principles,Abstraction in Program Development,Computer Science Principles,Big Idea 1: Creative Development,程序目的与功能,Program Purpose and Function,Identify Purpose and Justify Function with Evidence,Purpose–Function Pair,https://solve-now.s3.us-west-2.amazonaws.com/ap/math-computer-science/atomic-videos/APMCS-APCSP-003/lesson.html,https://solve-now.s3.us-west-2.amazonaws.com/ap/math-computer-science/atomic-videos/APMCS-APCSP-003/cover.png
APMCS-APCSP-004,AP Computer Science Principles,Code Analysis,Computer Science Principles,Big Idea 1: Creative Development,测试与调试,"Testing and Debugging: normal, boundary, invalid inputs",Test Normal Boundary Invalid Inputs to Isolate Bug,Boundary-Normal-Invalid,https://solve-now.s3.us-west-2.amazonaws.com/ap/math-computer-science/atomic-videos/APMCS-APCSP-004/lesson.html,https://solve-now.s3.us-west-2.amazonaws.com/ap/math-computer-science/atomic-videos/APMCS-APCSP-004/cover.png
APMCS-APCSP-005,AP Computer Science Principles,Computing Innovations,Computer Science Principles,Big Idea 1: Creative Development,文档与来源标注,Documentation and acknowledgment in programs,Document Code Behavior and Credit Sources,Document-and-credit,https://solve-now.s3.us-west-2.amazonaws.com/ap/math-computer-science/atomic-videos/APMCS-APCSP-005/lesson.html,https://solve-now.s3.us-west-2.amazonaws.com/ap/math-computer-science/atomic-videos/APMCS-APCSP-005/cover.png
APMCS-APCSP-006,AP Computer Science Principles,Responsible Computing,Computer Science Principles,Big Idea 2: Data,二进制数据表示,Binary Data Representation,Assign Bits and Verify Packet Fit,Count the Codes,https://solve-now.s3.us-west-2.amazonaws.com/ap/math-computer-science/atomic-videos/APMCS-APCSP-006/lesson.html,https://solve-now.s3.us-west-2.amazonaws.com/ap/math-computer-science/atomic-videos/APMCS-APCSP-006/cover.png
APMCS-APCSP-007,AP Computer Science Principles,Computational Solution Design,Computer Science Principles,Big Idea 2: Data,溢出、舍入与抽象,"Overflow, Roundoff, and Abstraction",Trace Boundary Inputs to Expose Overflow and Roundoff,Signal-Test-Explain,https://solve-now.s3.us-west-2.amazonaws.com/ap/math-computer-science/atomic-videos/APMCS-APCSP-007/lesson.html,https://solve-now.s3.us-west-2.amazonaws.com/ap/math-computer-science/atomic-videos/APMCS-APCSP-007/cover.png
APMCS-APCSP-008,AP Computer Science Principles,Algorithms and Program Development,Computer Science Principles,Big Idea 2: Data,无损与有损压缩,Lossless and Lossy Compression,Select Compression to Meet Fidelity Requirements,Compression Fit Test,https://solve-now.s3.us-west-2.amazonaws.com/ap/math-computer-science/atomic-videos/APMCS-APCSP-008/lesson.html,https://solve-now.s3.us-west-2.amazonaws.com/ap/math-computer-science/atomic-videos/APMCS-APCSP-008/cover.png
APMCS-APCSP-009,AP Computer Science Principles,Abstraction in Program Development,Computer Science Principles,Big Idea 2: Data,数据清洗与元数据,Data Cleaning and Metadata,"Flag and Fix Records, Document Metadata for Reproducibility",Flag Fix Document,https://solve-now.s3.us-west-2.amazonaws.com/ap/math-computer-science/atomic-videos/APMCS-APCSP-009/lesson.html,https://solve-now.s3.us-west-2.amazonaws.com/ap/math-computer-science/atomic-videos/APMCS-APCSP-009/cover.png
APMCS-APCSP-010,AP Computer Science Principles,Code Analysis,Computer Science Principles,Big Idea 2: Data,数据可视化与知识发现,"Data visualization for pattern, not causation",Qualify Visual Trends to Avoid Causation,Visualize-Qualify-Conclude,https://solve-now.s3.us-west-2.amazonaws.com/ap/math-computer-science/atomic-videos/APMCS-APCSP-010/lesson.html,https://solve-now.s3.us-west-2.amazonaws.com/ap/math-computer-science/atomic-videos/APMCS-APCSP-010/cover.png
APMCS-APCSP-011,AP Computer Science Principles,Computing Innovations,Computer Science Principles,Big Idea 3: Algorithms and Programming,顺序、选择与迭代,"Sequencing, Selection, and Iteration",Trace Order Branches and Loops to Predict Output,Flow-Branch-Loop,https://solve-now.s3.us-west-2.amazonaws.com/ap/math-computer-science/atomic-videos/APMCS-APCSP-011/lesson.html,https://solve-now.s3.us-west-2.amazonaws.com/ap/math-computer-science/atomic-videos/APMCS-APCSP-011/cover.png
APMCS-APCSP-012,AP Computer Science Principles,Responsible Computing,Computer Science Principles,Big Idea 3: Algorithms and Programming,过程、参数与返回值,"Procedures, Parameters, and Return Values",Design Procedure to Generalize Inputs and Return Result,Define-Input-Return,https://solve-now.s3.us-west-2.amazonaws.com/ap/math-computer-science/atomic-videos/APMCS-APCSP-012/lesson.html,https://solve-now.s3.us-west-2.amazonaws.com/ap/math-computer-science/atomic-videos/APMCS-APCSP-012/cover.png
APMCS-APCSP-013,AP Computer Science Principles,Computational Solution Design,Computer Science Principles,Big Idea 3: Algorithms and Programming,列表与数据抽象,Lists and Data Abstraction,Traverse List to Compute Batches and Leftover,Sum-then-split,https://solve-now.s3.us-west-2.amazonaws.com/ap/math-computer-science/atomic-videos/APMCS-APCSP-013/lesson.html,https://solve-now.s3.us-west-2.amazonaws.com/ap/math-computer-science/atomic-videos/APMCS-APCSP-013/cover.png
APMCS-APCSP-014,AP Computer Science Principles,Algorithms and Program Development,Computer Science Principles,Big Idea 3: Algorithms and Programming,算法分析与合理时间,Algorithm Analysis and Reasonable Time,Classify Runtime Growth to Pick Efficient Procedure,Growth-class compare,https://solve-now.s3.us-west-2.amazonaws.com/ap/math-computer-science/atomic-videos/APMCS-APCSP-014/lesson.html,https://solve-now.s3.us-west-2.amazonaws.com/ap/math-computer-science/atomic-videos/APMCS-APCSP-014/cover.png
APMCS-APCSP-015,AP Computer Science Principles,Abstraction in Program Development,Computer Science Principles,Big Idea 3: Algorithms and Programming,模拟与随机性,Simulations and Randomness,Run Random Trials to Estimate Probability,Model-Run-Repeat,https://solve-now.s3.us-west-2.amazonaws.com/ap/math-computer-science/atomic-videos/APMCS-APCSP-015/lesson.html,https://solve-now.s3.us-west-2.amazonaws.com/ap/math-computer-science/atomic-videos/APMCS-APCSP-015/cover.png
APMCS-APCSP-016,AP Computer Science Principles,Code Analysis,Computer Science Principles,Big Idea 4: Computer Systems and Networks,互联网协议与分组路由,Internet Protocols and Packet Routing,Trace Next Hops to Explain Rerouting,Route by protocol,https://solve-now.s3.us-west-2.amazonaws.com/ap/math-computer-science/atomic-videos/APMCS-APCSP-016/lesson.html,https://solve-now.s3.us-west-2.amazonaws.com/ap/math-computer-science/atomic-videos/APMCS-APCSP-016/cover.png
APMCS-APCSP-017,AP Computer Science Principles,Computing Innovations,Computer Science Principles,Big Idea 4: Computer Systems and Networks,容错与冗余,Fault Tolerance and Redundancy,Model Failover to Quantify System Availability,Redundancy math check,https://solve-now.s3.us-west-2.amazonaws.com/ap/math-computer-science/atomic-videos/APMCS-APCSP-017/lesson.html,https://solve-now.s3.us-west-2.amazonaws.com/ap/math-computer-science/atomic-videos/APMCS-APCSP-017/cover.png
APMCS-APCSP-018,AP Computer Science Principles,Responsible Computing,Computer Science Principles,Big Idea 4: Computer Systems and Networks,并行与分布式计算,Parallel and Distributed Computing,Quantify Compute and Communication to Decide Architecture,Cost then Split,https://solve-now.s3.us-west-2.amazonaws.com/ap/math-computer-science/atomic-videos/APMCS-APCSP-018/lesson.html,https://solve-now.s3.us-west-2.amazonaws.com/ap/math-computer-science/atomic-videos/APMCS-APCSP-018/cover.png
APMCS-APCSP-019,AP Computer Science Principles,Computational Solution Design,Computer Science Principles,Big Idea 4: Computer Systems and Networks,网络安全威胁与防御,Cybersecurity Threats and Defenses,Map Threat Surfaces to Minimal Controls,See Shield Verify,https://solve-now.s3.us-west-2.amazonaws.com/ap/math-computer-science/atomic-videos/APMCS-APCSP-019/lesson.html,https://solve-now.s3.us-west-2.amazonaws.com/ap/math-computer-science/atomic-videos/APMCS-APCSP-019/cover.png
APMCS-APCSP-020,AP Computer Science Principles,Algorithms and Program Development,Computer Science Principles,Big Idea 4: Computer Systems and Networks,分层系统与抽象,Layered Systems and Abstraction,Match Operations to Lowest Layer Needed,Layer Map Walkthrough,https://solve-now.s3.us-west-2.amazonaws.com/ap/math-computer-science/atomic-videos/APMCS-APCSP-020/lesson.html,https://solve-now.s3.us-west-2.amazonaws.com/ap/math-computer-science/atomic-videos/APMCS-APCSP-020/cover.png
APMCS-APCSP-021,AP Computer Science Principles,Abstraction in Program Development,Computer Science Principles,Big Idea 5: Impact of Computing,计算创新的利弊,Beneficial and Harmful Effects,Scan Stakeholders to Pair Effects and Mitigations,Stakeholder scan,https://solve-now.s3.us-west-2.amazonaws.com/ap/math-computer-science/atomic-videos/APMCS-APCSP-021/lesson.html,https://solve-now.s3.us-west-2.amazonaws.com/ap/math-computer-science/atomic-videos/APMCS-APCSP-021/cover.png
APMCS-APCSP-022,AP Computer Science Principles,Code Analysis,Computer Science Principles,Big Idea 5: Impact of Computing,算法偏见与数据局限,Algorithmic Bias and Data Limitations,Check Data and Objectives to Mitigate Bias,Data-Objective-Context,https://solve-now.s3.us-west-2.amazonaws.com/ap/math-computer-science/atomic-videos/APMCS-APCSP-022/lesson.html,https://solve-now.s3.us-west-2.amazonaws.com/ap/math-computer-science/atomic-videos/APMCS-APCSP-022/cover.png
APMCS-APCSP-023,AP Computer Science Principles,Computing Innovations,Computer Science Principles,Big Idea 5: Impact of Computing,隐私、安全与数据持久性,"Privacy, Security, and Data Permanence",Trace Data Paths to Reduce Reidentification Risk,Trace–Assess–Limit,https://solve-now.s3.us-west-2.amazonaws.com/ap/math-computer-science/atomic-videos/APMCS-APCSP-023/lesson.html,https://solve-now.s3.us-west-2.amazonaws.com/ap/math-computer-science/atomic-videos/APMCS-APCSP-023/cover.png
APMCS-APCSP-024,AP Computer Science Principles,Responsible Computing,Computer Science Principles,Big Idea 5: Impact of Computing,数字鸿沟与无障碍,Digital Divide and Accessibility,Map and Count Beneficiaries to Prioritize Design,Count who benefits,https://solve-now.s3.us-west-2.amazonaws.com/ap/math-computer-science/atomic-videos/APMCS-APCSP-024/lesson.html,https://solve-now.s3.us-west-2.amazonaws.com/ap/math-computer-science/atomic-videos/APMCS-APCSP-024/cover.png
APMCS-APCSP-025,AP Computer Science Principles,Computational Solution Design,Computer Science Principles,Big Idea 5: Impact of Computing,知识产权与开放获取,Intellectual Property and Open Access,Extract License Obligations to Publish Legally,License-Attribution Match,https://solve-now.s3.us-west-2.amazonaws.com/ap/math-computer-science/atomic-videos/APMCS-APCSP-025/lesson.html,https://solve-now.s3.us-west-2.amazonaws.com/ap/math-computer-science/atomic-videos/APMCS-APCSP-025/cover.png
APMCS-APPRE-001,AP Precalculus,Procedural and Symbolic Fluency,Precalculus,Unit 1: Polynomial and Rational Functions,函数表征与变化率,Function representations and average rate of change,Compute Difference Quotient to Find Average Rate,Slope by difference,https://solve-now.s3.us-west-2.amazonaws.com/ap/math-computer-science/atomic-videos/APMCS-APPRE-001/lesson.html,https://solve-now.s3.us-west-2.amazonaws.com/ap/math-computer-science/atomic-videos/APMCS-APPRE-001/cover.png
APMCS-APPRE-002,AP Precalculus,Multiple Representations,Precalculus,Unit 1: Polynomial and Rational Functions,多项式零点与重数,Polynomial Zeros and Multiplicity,Classify Zero Multiplicity to Predict Intercepts,Even-odd touch-cross,https://solve-now.s3.us-west-2.amazonaws.com/ap/math-computer-science/atomic-videos/APMCS-APPRE-002/lesson.html,https://solve-now.s3.us-west-2.amazonaws.com/ap/math-computer-science/atomic-videos/APMCS-APPRE-002/cover.png
APMCS-APPRE-003,AP Precalculus,Communication and Reasoning,Precalculus,Unit 1: Polynomial and Rational Functions,多项式端行为,Polynomial End Behavior,Match Leading Term to Polynomial End Behavior,Sign-parity check,https://solve-now.s3.us-west-2.amazonaws.com/ap/math-computer-science/atomic-videos/APMCS-APPRE-003/lesson.html,https://solve-now.s3.us-west-2.amazonaws.com/ap/math-computer-science/atomic-videos/APMCS-APPRE-003/cover.png
APMCS-APPRE-004,AP Precalculus,Procedural and Symbolic Fluency,Precalculus,Unit 1: Polynomial and Rational Functions,有理函数的零点、空点与渐近线,"Rational Zeros, Holes, and Asymptotes",Factor Cancel Compare to Find Intercepts and Asymptotes,Factor-cancel-compare,https://solve-now.s3.us-west-2.amazonaws.com/ap/math-computer-science/atomic-videos/APMCS-APPRE-004/lesson.html,https://solve-now.s3.us-west-2.amazonaws.com/ap/math-computer-science/atomic-videos/APMCS-APPRE-004/cover.png
APMCS-APPRE-005,AP Precalculus,Multiple Representations,Precalculus,Unit 1: Polynomial and Rational Functions,函数变换,Function Transformations,Map Inside Outside to Predict Graph Transformations,Inside-outside map,https://solve-now.s3.us-west-2.amazonaws.com/ap/math-computer-science/atomic-videos/APMCS-APPRE-005/lesson.html,https://solve-now.s3.us-west-2.amazonaws.com/ap/math-computer-science/atomic-videos/APMCS-APPRE-005/cover.png
APMCS-APPRE-006,AP Precalculus,Communication and Reasoning,Precalculus,Unit 1: Polynomial and Rational Functions,函数复合,Function Composition,Compose Functions to Enforce Domain Constraints,Inside-then-Outside,https://solve-now.s3.us-west-2.amazonaws.com/ap/math-computer-science/atomic-videos/APMCS-APPRE-006/lesson.html,https://solve-now.s3.us-west-2.amazonaws.com/ap/math-computer-science/atomic-videos/APMCS-APPRE-006/cover.png
APMCS-APPRE-007,AP Precalculus,Procedural and Symbolic Fluency,Precalculus,Unit 1: Polynomial and Rational Functions,反函数,Inverse Functions,Confirm One-to-One Then Solve Inverse,Swap-and-solve inverse,https://solve-now.s3.us-west-2.amazonaws.com/ap/math-computer-science/atomic-videos/APMCS-APPRE-007/lesson.html,https://solve-now.s3.us-west-2.amazonaws.com/ap/math-computer-science/atomic-videos/APMCS-APPRE-007/cover.png
APMCS-APPRE-008,AP Precalculus,Multiple Representations,Precalculus,Unit 1: Polynomial and Rational Functions,多项式与有理函数建模,Polynomial and Rational Modeling,Match Features to Select Rational or Polynomial Model,Match-features test,https://solve-now.s3.us-west-2.amazonaws.com/ap/math-computer-science/atomic-videos/APMCS-APPRE-008/lesson.html,https://solve-now.s3.us-west-2.amazonaws.com/ap/math-computer-science/atomic-videos/APMCS-APPRE-008/cover.png
APMCS-APPRE-009,AP Precalculus,Communication and Reasoning,Precalculus,Unit 2: Exponential and Logarithmic Functions,等比变化与指数模型,Geometric Change and Exponential Models,Check Ratios to Build Exponential Model,Ratio-then-Base,https://solve-now.s3.us-west-2.amazonaws.com/ap/math-computer-science/atomic-videos/APMCS-APPRE-009/lesson.html,https://solve-now.s3.us-west-2.amazonaws.com/ap/math-computer-science/atomic-videos/APMCS-APPRE-009/cover.png
APMCS-APPRE-010,AP Precalculus,Procedural and Symbolic Fluency,Precalculus,Unit 2: Exponential and Logarithmic Functions,对数作为反函数,Logarithms as Inverses,Switch to Log Form to Solve Exponentials,Exponent-to-log switch,https://solve-now.s3.us-west-2.amazonaws.com/ap/math-computer-science/atomic-videos/APMCS-APPRE-010/lesson.html,https://solve-now.s3.us-west-2.amazonaws.com/ap/math-computer-science/atomic-videos/APMCS-APPRE-010/cover.png
APMCS-APPRE-011,AP Precalculus,Multiple Representations,Precalculus,Unit 2: Exponential and Logarithmic Functions,对数性质,Logarithm Properties,Split and Combine Logs to Simplify,Split and Combine Logs,https://solve-now.s3.us-west-2.amazonaws.com/ap/math-computer-science/atomic-videos/APMCS-APPRE-011/lesson.html,https://solve-now.s3.us-west-2.amazonaws.com/ap/math-computer-science/atomic-videos/APMCS-APPRE-011/cover.png
APMCS-APPRE-012,AP Precalculus,Communication and Reasoning,Precalculus,Unit 2: Exponential and Logarithmic Functions,指数与对数方程,Exponential and Logarithmic Equations,Combine Logs to Solve and Validate,Log-Combine and Check,https://solve-now.s3.us-west-2.amazonaws.com/ap/math-computer-science/atomic-videos/APMCS-APPRE-012/lesson.html,https://solve-now.s3.us-west-2.amazonaws.com/ap/math-computer-science/atomic-videos/APMCS-APPRE-012/cover.png
APMCS-APPRE-013,AP Precalculus,Procedural and Symbolic Fluency,Precalculus,Unit 2: Exponential and Logarithmic Functions,复利与重复增长,Compound Interest and Repeated Growth,Compute Growth Factor to Compare Balances,Match-and-Compare,https://solve-now.s3.us-west-2.amazonaws.com/ap/math-computer-science/atomic-videos/APMCS-APPRE-013/lesson.html,https://solve-now.s3.us-west-2.amazonaws.com/ap/math-computer-science/atomic-videos/APMCS-APPRE-013/cover.png
APMCS-APPRE-014,AP Precalculus,Multiple Representations,Precalculus,Unit 2: Exponential and Logarithmic Functions,倍增时间与半衰期,Doubling Time and Half-Life,Compute k to Find Doubling or Half-Life,Log-Ratio Time,https://solve-now.s3.us-west-2.amazonaws.com/ap/math-computer-science/atomic-videos/APMCS-APPRE-014/lesson.html,https://solve-now.s3.us-west-2.amazonaws.com/ap/math-computer-science/atomic-videos/APMCS-APPRE-014/cover.png
APMCS-APPRE-015,AP Precalculus,Communication and Reasoning,Precalculus,Unit 2: Exponential and Logarithmic Functions,指数模型评估,Exponential Model Assessment,Compare Ratios and Residuals to Validate Exponential Model,Ratio-Log-Residual check,https://solve-now.s3.us-west-2.amazonaws.com/ap/math-computer-science/atomic-videos/APMCS-APPRE-015/lesson.html,https://solve-now.s3.us-west-2.amazonaws.com/ap/math-computer-science/atomic-videos/APMCS-APPRE-015/cover.png
APMCS-APPRE-016,AP Precalculus,Procedural and Symbolic Fluency,Precalculus,Unit 3: Trigonometric and Polar Functions,弧度与单位圆,Radians and the Unit Circle,Compute Angle from Arc to Read Coordinates,Arc to coordinates,https://solve-now.s3.us-west-2.amazonaws.com/ap/math-computer-science/atomic-videos/APMCS-APPRE-016/lesson.html,https://solve-now.s3.us-west-2.amazonaws.com/ap/math-computer-science/atomic-videos/APMCS-APPRE-016/cover.png
APMCS-APPRE-017,AP Precalculus,Multiple Representations,Precalculus,Unit 3: Trigonometric and Polar Functions,正弦与余弦图像,Sine and Cosine Graphs,Match Four Features to Model Sinusoids,Four-feature match,https://solve-now.s3.us-west-2.amazonaws.com/ap/math-computer-science/atomic-videos/APMCS-APPRE-017/lesson.html,https://solve-now.s3.us-west-2.amazonaws.com/ap/math-computer-science/atomic-videos/APMCS-APPRE-017/cover.png
APMCS-APPRE-018,AP Precalculus,Communication and Reasoning,Precalculus,Unit 3: Trigonometric and Polar Functions,正切与其他三角函数,Tangent and other trigonometric functions,Rewrite Tangent to Locate Zeros and Asymptotes,Sine-over-cosine map,https://solve-now.s3.us-west-2.amazonaws.com/ap/math-computer-science/atomic-videos/APMCS-APPRE-018/lesson.html,https://solve-now.s3.us-west-2.amazonaws.com/ap/math-computer-science/atomic-videos/APMCS-APPRE-018/cover.png
APMCS-APPRE-019,AP Precalculus,Procedural and Symbolic Fluency,Precalculus,Unit 3: Trigonometric and Polar Functions,三角恒等式,Trigonometric Identities,Rewrite Tan and Sec then Simplify,Identity Swap and Check,https://solve-now.s3.us-west-2.amazonaws.com/ap/math-computer-science/atomic-videos/APMCS-APPRE-019/lesson.html,https://solve-now.s3.us-west-2.amazonaws.com/ap/math-computer-science/atomic-videos/APMCS-APPRE-019/cover.png
APMCS-APPRE-020,AP Precalculus,Multiple Representations,Precalculus,Unit 3: Trigonometric and Polar Functions,三角方程,Trigonometric Equations,Normalize Trig Equation to Generate Interval Solutions,Reference-family filter,https://solve-now.s3.us-west-2.amazonaws.com/ap/math-computer-science/atomic-videos/APMCS-APPRE-020/lesson.html,https://solve-now.s3.us-west-2.amazonaws.com/ap/math-computer-science/atomic-videos/APMCS-APPRE-020/cover.png
APMCS-APPRE-021,AP Precalculus,Communication and Reasoning,Precalculus,Unit 3: Trigonometric and Polar Functions,周期建模,Periodic Modeling from extrema,Use Extrema to Write Sinusoidal Model,Extrema to Model,https://solve-now.s3.us-west-2.amazonaws.com/ap/math-computer-science/atomic-videos/APMCS-APPRE-021/lesson.html,https://solve-now.s3.us-west-2.amazonaws.com/ap/math-computer-science/atomic-videos/APMCS-APPRE-021/cover.png
APMCS-APPRE-022,AP Precalculus,Procedural and Symbolic Fluency,Precalculus,Unit 3: Trigonometric and Polar Functions,极坐标,Polar Coordinates,Flip Angle and Compute Rectangular Coordinates,flip-and-convert,https://solve-now.s3.us-west-2.amazonaws.com/ap/math-computer-science/atomic-videos/APMCS-APPRE-022/lesson.html,https://solve-now.s3.us-west-2.amazonaws.com/ap/math-computer-science/atomic-videos/APMCS-APPRE-022/cover.png
APMCS-APPRE-023,AP Precalculus,Multiple Representations,Precalculus,Unit 3: Trigonometric and Polar Functions,极坐标函数图像,Polar Function Graphs,Test Zeros and Symmetry to Sketch Polar Curves,Test-zeros-sign,https://solve-now.s3.us-west-2.amazonaws.com/ap/math-computer-science/atomic-videos/APMCS-APPRE-023/lesson.html,https://solve-now.s3.us-west-2.amazonaws.com/ap/math-computer-science/atomic-videos/APMCS-APPRE-023/cover.png
APMCS-APPRE-024,AP Precalculus,Communication and Reasoning,Precalculus,"Unit 4: Functions Involving Parameters, Vectors, and Matrices",参数函数,Parametric Functions,Differentiate and Eliminate to Determine Slope and Curve,Differentiate-Then-Eliminate,https://solve-now.s3.us-west-2.amazonaws.com/ap/math-computer-science/atomic-videos/APMCS-APPRE-024/lesson.html,https://solve-now.s3.us-west-2.amazonaws.com/ap/math-computer-science/atomic-videos/APMCS-APPRE-024/cover.png
APMCS-APPRE-025,AP Precalculus,Procedural and Symbolic Fluency,Precalculus,"Unit 4: Functions Involving Parameters, Vectors, and Matrices",向量与向量运算,Vectors and Vector Operations,Add Components to Compute Resultant Magnitude,Component Add-then-Norm,https://solve-now.s3.us-west-2.amazonaws.com/ap/math-computer-science/atomic-videos/APMCS-APPRE-025/lesson.html,https://solve-now.s3.us-west-2.amazonaws.com/ap/math-computer-science/atomic-videos/APMCS-APPRE-025/cover.png
APMCS-APPRE-026,AP Precalculus,Multiple Representations,Precalculus,"Unit 4: Functions Involving Parameters, Vectors, and Matrices",矩阵与变换,Matrices and Transformations,Order Matrices to Compose Transformations Correctly,Order then multiply,https://solve-now.s3.us-west-2.amazonaws.com/ap/math-computer-science/atomic-videos/APMCS-APPRE-026/lesson.html,https://solve-now.s3.us-west-2.amazonaws.com/ap/math-computer-science/atomic-videos/APMCS-APPRE-026/cover.png
APMCS-APPRE-027,AP Precalculus,Communication and Reasoning,Precalculus,"Unit 4: Functions Involving Parameters, Vectors, and Matrices",用矩阵求解方程组,Systems with Matrices,Identify Pivots and Parameterize Solution Set,Pivot-and-decide,https://solve-now.s3.us-west-2.amazonaws.com/ap/math-computer-science/atomic-videos/APMCS-APPRE-027/lesson.html,https://solve-now.s3.us-west-2.amazonaws.com/ap/math-computer-science/atomic-videos/APMCS-APPRE-027/cover.png
APMCS-APPRE-028,AP Precalculus,Procedural and Symbolic Fluency,Precalculus,"Unit 4: Functions Involving Parameters, Vectors, and Matrices",参数化建模,Parameterized Modeling,Classify Parameter Role to Predict Transformations,Parameter role scan,https://solve-now.s3.us-west-2.amazonaws.com/ap/math-computer-science/atomic-videos/APMCS-APPRE-028/lesson.html,https://solve-now.s3.us-west-2.amazonaws.com/ap/math-computer-science/atomic-videos/APMCS-APPRE-028/cover.png
APMCS-APSTAT-001,AP Statistics,Formulate Questions,Statistics,Unit 1: Exploring One-Variable Data and Collecting Data,单变量数据图表,Displays of One-Variable Data,Build Scaled Displays to Describe Distribution,Scan-Summarize-Show,https://solve-now.s3.us-west-2.amazonaws.com/ap/math-computer-science/atomic-videos/APMCS-APSTAT-001/lesson.html,https://solve-now.s3.us-west-2.amazonaws.com/ap/math-computer-science/atomic-videos/APMCS-APSTAT-001/cover.png
APMCS-APSTAT-002,AP Statistics,Collect Data,Statistics,Unit 1: Exploring One-Variable Data and Collecting Data,中心与离散程度,Measures of Center and Spread,Check Outliers to Choose Center and Spread,Resistant-first summary,https://solve-now.s3.us-west-2.amazonaws.com/ap/math-computer-science/atomic-videos/APMCS-APSTAT-002/lesson.html,https://solve-now.s3.us-west-2.amazonaws.com/ap/math-computer-science/atomic-videos/APMCS-APSTAT-002/cover.png
APMCS-APSTAT-003,AP Statistics,Analyze Data,Statistics,Unit 1: Exploring One-Variable Data and Collecting Data,百分位数、z分数与相对位置,Percentiles and z-scores for relative position,Compute z-score to Find Percentile,Standardize then interpret,https://solve-now.s3.us-west-2.amazonaws.com/ap/math-computer-science/atomic-videos/APMCS-APSTAT-003/lesson.html,https://solve-now.s3.us-west-2.amazonaws.com/ap/math-computer-science/atomic-videos/APMCS-APSTAT-003/cover.png
APMCS-APSTAT-004,AP Statistics,Interpret Results,Statistics,Unit 1: Exploring One-Variable Data and Collecting Data,比较分布,Comparing Distributions,Compare Distributions using Shape Center and Spread,Shape Center Spread,https://solve-now.s3.us-west-2.amazonaws.com/ap/math-computer-science/atomic-videos/APMCS-APSTAT-004/lesson.html,https://solve-now.s3.us-west-2.amazonaws.com/ap/math-computer-science/atomic-videos/APMCS-APSTAT-004/cover.png
APMCS-APSTAT-005,AP Statistics,Formulate Questions,Statistics,Unit 1: Exploring One-Variable Data and Collecting Data,抽样方法与偏差,Sampling Methods and Bias,Scan Sampling Frame to Predict Bias Direction,Bias scan and fix,https://solve-now.s3.us-west-2.amazonaws.com/ap/math-computer-science/atomic-videos/APMCS-APSTAT-005/lesson.html,https://solve-now.s3.us-west-2.amazonaws.com/ap/math-computer-science/atomic-videos/APMCS-APSTAT-005/cover.png
APMCS-APSTAT-006,AP Statistics,Collect Data,Statistics,Unit 1: Exploring One-Variable Data and Collecting Data,实验设计与随机分配,Experimental Design and Random Assignment,Block and Randomize to Support Causal Claims,Block-Random-Control,https://solve-now.s3.us-west-2.amazonaws.com/ap/math-computer-science/atomic-videos/APMCS-APSTAT-006/lesson.html,https://solve-now.s3.us-west-2.amazonaws.com/ap/math-computer-science/atomic-videos/APMCS-APSTAT-006/cover.png
APMCS-APSTAT-007,AP Statistics,Analyze Data,Statistics,Unit 1: Exploring One-Variable Data and Collecting Data,伦理与推断范围,Ethics and Scope of Inference,Mark Randomization to Justify Causation and Generalization,Scope-then-ethics,https://solve-now.s3.us-west-2.amazonaws.com/ap/math-computer-science/atomic-videos/APMCS-APSTAT-007/lesson.html,https://solve-now.s3.us-west-2.amazonaws.com/ap/math-computer-science/atomic-videos/APMCS-APSTAT-007/cover.png
APMCS-APSTAT-008,AP Statistics,Interpret Results,Statistics,"Unit 2: Probability, Random Variables, and Probability Distributions",概率规则,Probability Rules,Combine Event Probabilities using Overlap and Complement,Overlap or complement,https://solve-now.s3.us-west-2.amazonaws.com/ap/math-computer-science/atomic-videos/APMCS-APSTAT-008/lesson.html,https://solve-now.s3.us-west-2.amazonaws.com/ap/math-computer-science/atomic-videos/APMCS-APSTAT-008/cover.png
APMCS-APSTAT-009,AP Statistics,Formulate Questions,Statistics,"Unit 2: Probability, Random Variables, and Probability Distributions",条件概率与独立性,Conditional Probability and Independence,Compute Conditional Probability to Judge Independence,Condition-Compare-Conclude,https://solve-now.s3.us-west-2.amazonaws.com/ap/math-computer-science/atomic-videos/APMCS-APSTAT-009/lesson.html,https://solve-now.s3.us-west-2.amazonaws.com/ap/math-computer-science/atomic-videos/APMCS-APSTAT-009/cover.png
APMCS-APSTAT-010,AP Statistics,Collect Data,Statistics,"Unit 2: Probability, Random Variables, and Probability Distributions",离散随机变量,Discrete Random Variables,Verify Probabilities Compute and Interpret Expected Value,Check-Weight-Interpret,https://solve-now.s3.us-west-2.amazonaws.com/ap/math-computer-science/atomic-videos/APMCS-APSTAT-010/lesson.html,https://solve-now.s3.us-west-2.amazonaws.com/ap/math-computer-science/atomic-videos/APMCS-APSTAT-010/cover.png
APMCS-APSTAT-011,AP Statistics,Analyze Data,Statistics,"Unit 2: Probability, Random Variables, and Probability Distributions",随机变量的变换与组合,Transforming and Combining Random Variables,Combine Random Variables to Compute Mean and SD,Variance-first combine,https://solve-now.s3.us-west-2.amazonaws.com/ap/math-computer-science/atomic-videos/APMCS-APSTAT-011/lesson.html,https://solve-now.s3.us-west-2.amazonaws.com/ap/math-computer-science/atomic-videos/APMCS-APSTAT-011/cover.png
APMCS-APSTAT-012,AP Statistics,Interpret Results,Statistics,"Unit 2: Probability, Random Variables, and Probability Distributions",二项与几何分布,Binomial vs geometric choice and probability,Select Binomial or Geometric to Compute Probabilities,Model then Multiply,https://solve-now.s3.us-west-2.amazonaws.com/ap/math-computer-science/atomic-videos/APMCS-APSTAT-012/lesson.html,https://solve-now.s3.us-west-2.amazonaws.com/ap/math-computer-science/atomic-videos/APMCS-APSTAT-012/cover.png
APMCS-APSTAT-013,AP Statistics,Formulate Questions,Statistics,"Unit 2: Probability, Random Variables, and Probability Distributions",正态分布,Normal distributions: percentiles and cutoffs,Convert Percentile to Find Normal Cutoff,Percentile-to-cutoff,https://solve-now.s3.us-west-2.amazonaws.com/ap/math-computer-science/atomic-videos/APMCS-APSTAT-013/lesson.html,https://solve-now.s3.us-west-2.amazonaws.com/ap/math-computer-science/atomic-videos/APMCS-APSTAT-013/cover.png
APMCS-APSTAT-014,AP Statistics,Collect Data,Statistics,"Unit 2: Probability, Random Variables, and Probability Distributions",抽样分布与模拟,Sampling Distributions and Simulation,Mirror Random Process to Predict Sampling Distribution,Mirror-Repeat-Measure,https://solve-now.s3.us-west-2.amazonaws.com/ap/math-computer-science/atomic-videos/APMCS-APSTAT-014/lesson.html,https://solve-now.s3.us-west-2.amazonaws.com/ap/math-computer-science/atomic-videos/APMCS-APSTAT-014/cover.png
APMCS-APSTAT-015,AP Statistics,Analyze Data,Statistics,Unit 3: Inference for Categorical Data—Proportions,单比例置信区间,One-Proportion Confidence Intervals,Verify Conditions and Compute One-Proportion Interval,Count-Check-Compute,https://solve-now.s3.us-west-2.amazonaws.com/ap/math-computer-science/atomic-videos/APMCS-APSTAT-015/lesson.html,https://solve-now.s3.us-west-2.amazonaws.com/ap/math-computer-science/atomic-videos/APMCS-APSTAT-015/cover.png
APMCS-APSTAT-016,AP Statistics,Interpret Results,Statistics,Unit 3: Inference for Categorical Data—Proportions,单比例显著性检验,One-Proportion Significance Tests,Compute One-Proportion z and Conclude,State-Z-decide,https://solve-now.s3.us-west-2.amazonaws.com/ap/math-computer-science/atomic-videos/APMCS-APSTAT-016/lesson.html,https://solve-now.s3.us-west-2.amazonaws.com/ap/math-computer-science/atomic-videos/APMCS-APSTAT-016/cover.png
APMCS-APSTAT-017,AP Statistics,Formulate Questions,Statistics,Unit 3: Inference for Categorical Data—Proportions,双比例置信区间,Two-Proportion Confidence Intervals,Check Conditions to Construct Two-Proportion Interval,Separate then combine,https://solve-now.s3.us-west-2.amazonaws.com/ap/math-computer-science/atomic-videos/APMCS-APSTAT-017/lesson.html,https://solve-now.s3.us-west-2.amazonaws.com/ap/math-computer-science/atomic-videos/APMCS-APSTAT-017/cover.png
APMCS-APSTAT-018,AP Statistics,Collect Data,Statistics,Unit 3: Inference for Categorical Data—Proportions,双比例显著性检验,Two-Proportion Significance Tests,Pool Successes to Test Proportion Difference,Pool-then-test,https://solve-now.s3.us-west-2.amazonaws.com/ap/math-computer-science/atomic-videos/APMCS-APSTAT-018/lesson.html,https://solve-now.s3.us-west-2.amazonaws.com/ap/math-computer-science/atomic-videos/APMCS-APSTAT-018/cover.png
APMCS-APSTAT-019,AP Statistics,Analyze Data,Statistics,Unit 3: Inference for Categorical Data—Proportions,卡方拟合优度检验,Chi-Square Goodness of Fit,Calculate Chi Square to Test Fit,List-Compute-Compare,https://solve-now.s3.us-west-2.amazonaws.com/ap/math-computer-science/atomic-videos/APMCS-APSTAT-019/lesson.html,https://solve-now.s3.us-west-2.amazonaws.com/ap/math-computer-science/atomic-videos/APMCS-APSTAT-019/cover.png
APMCS-APSTAT-020,AP Statistics,Interpret Results,Statistics,Unit 3: Inference for Categorical Data—Proportions,卡方同质性与独立性检验,Chi-square test of independence vs homogeneity,Select Correct Chi-square Test and Conclude Association,Two-way test switch,https://solve-now.s3.us-west-2.amazonaws.com/ap/math-computer-science/atomic-videos/APMCS-APSTAT-020/lesson.html,https://solve-now.s3.us-west-2.amazonaws.com/ap/math-computer-science/atomic-videos/APMCS-APSTAT-020/cover.png
APMCS-APSTAT-021,AP Statistics,Formulate Questions,Statistics,Unit 3: Inference for Categorical Data—Proportions,第一二类错误、功效与显著性,"Type I and II errors, power, and significance",Compare p Value to Alpha and Estimate Power,Alpha–beta–power,https://solve-now.s3.us-west-2.amazonaws.com/ap/math-computer-science/atomic-videos/APMCS-APSTAT-021/lesson.html,https://solve-now.s3.us-west-2.amazonaws.com/ap/math-computer-science/atomic-videos/APMCS-APSTAT-021/cover.png
APMCS-APSTAT-022,AP Statistics,Collect Data,Statistics,Unit 4: Inference for Quantitative Data—Means,单样本t置信区间,One-sample t confidence interval for a mean,Check Conditions then Form t Interval for Mean,SE plus t-star,https://solve-now.s3.us-west-2.amazonaws.com/ap/math-computer-science/atomic-videos/APMCS-APSTAT-022/lesson.html,https://solve-now.s3.us-west-2.amazonaws.com/ap/math-computer-science/atomic-videos/APMCS-APSTAT-022/cover.png
APMCS-APSTAT-023,AP Statistics,Analyze Data,Statistics,Unit 4: Inference for Quantitative Data—Means,单样本t检验,One-sample t test for a mean,Test One Mean and Conclude in Context,Standardize then tail,https://solve-now.s3.us-west-2.amazonaws.com/ap/math-computer-science/atomic-videos/APMCS-APSTAT-023/lesson.html,https://solve-now.s3.us-west-2.amazonaws.com/ap/math-computer-science/atomic-videos/APMCS-APSTAT-023/cover.png
APMCS-APSTAT-024,AP Statistics,Interpret Results,Statistics,Unit 4: Inference for Quantitative Data—Means,配对数据推断,Paired Data Inference,Subtract Within Pairs to Test Mean Change,Difference-then-t,https://solve-now.s3.us-west-2.amazonaws.com/ap/math-computer-science/atomic-videos/APMCS-APSTAT-024/lesson.html,https://solve-now.s3.us-west-2.amazonaws.com/ap/math-computer-science/atomic-videos/APMCS-APSTAT-024/cover.png
APMCS-APSTAT-025,AP Statistics,Formulate Questions,Statistics,Unit 4: Inference for Quantitative Data—Means,双样本t置信区间,Two-sample t confidence interval for mean difference,Construct Welch t Interval for Mean Difference,Welch interval build,https://solve-now.s3.us-west-2.amazonaws.com/ap/math-computer-science/atomic-videos/APMCS-APSTAT-025/lesson.html,https://solve-now.s3.us-west-2.amazonaws.com/ap/math-computer-science/atomic-videos/APMCS-APSTAT-025/cover.png
APMCS-APSTAT-026,AP Statistics,Collect Data,Statistics,Unit 4: Inference for Quantitative Data—Means,双样本t检验,Two-Sample t Tests,Test Two Means with Welch t,State-Check-Compute,https://solve-now.s3.us-west-2.amazonaws.com/ap/math-computer-science/atomic-videos/APMCS-APSTAT-026/lesson.html,https://solve-now.s3.us-west-2.amazonaws.com/ap/math-computer-science/atomic-videos/APMCS-APSTAT-026/cover.png
APMCS-APSTAT-027,AP Statistics,Analyze Data,Statistics,Unit 4: Inference for Quantitative Data—Means,t方法的条件与稳健性,Conditions and Robustness for t Procedures,Confirm t Conditions to Compute Mean Interval,Randomness-Shape-Independence,https://solve-now.s3.us-west-2.amazonaws.com/ap/math-computer-science/atomic-videos/APMCS-APSTAT-027/lesson.html,https://solve-now.s3.us-west-2.amazonaws.com/ap/math-computer-science/atomic-videos/APMCS-APSTAT-027/cover.png
APMCS-APSTAT-028,AP Statistics,Interpret Results,Statistics,Unit 4: Inference for Quantitative Data—Means,置信度、p值与结论解释,"Interpreting confidence, p-values, and conclusions",Translate p-values and confidence intervals into conclusions,Name-Value-Meaning,https://solve-now.s3.us-west-2.amazonaws.com/ap/math-computer-science/atomic-videos/APMCS-APSTAT-028/lesson.html,https://solve-now.s3.us-west-2.amazonaws.com/ap/math-computer-science/atomic-videos/APMCS-APSTAT-028/cover.png
APMCS-APSTAT-029,AP Statistics,Formulate Questions,Statistics,Unit 5: Regression Analysis,散点图与相关,Scatterplots and Correlation,Scan Direction and Form to Judge Correlation,Direction-form-scan,https://solve-now.s3.us-west-2.amazonaws.com/ap/math-computer-science/atomic-videos/APMCS-APSTAT-029/lesson.html,https://solve-now.s3.us-west-2.amazonaws.com/ap/math-computer-science/atomic-videos/APMCS-APSTAT-029/cover.png
APMCS-APSTAT-030,AP Statistics,Collect Data,Statistics,Unit 5: Regression Analysis,最小二乘回归,Least-squares line: slope and intercept in context,Compute Slope and Intercept for Prediction Equation,Slope-then-intercept,https://solve-now.s3.us-west-2.amazonaws.com/ap/math-computer-science/atomic-videos/APMCS-APSTAT-030/lesson.html,https://solve-now.s3.us-west-2.amazonaws.com/ap/math-computer-science/atomic-videos/APMCS-APSTAT-030/cover.png
APMCS-APSTAT-031,AP Statistics,Analyze Data,Statistics,Unit 5: Regression Analysis,残差与决定系数,Residuals and Coefficient of Determination,Compute Residuals to Assess Model Fit,Predict–Compare–Explain,https://solve-now.s3.us-west-2.amazonaws.com/ap/math-computer-science/atomic-videos/APMCS-APSTAT-031/lesson.html,https://solve-now.s3.us-west-2.amazonaws.com/ap/math-computer-science/atomic-videos/APMCS-APSTAT-031/cover.png
APMCS-APSTAT-032,AP Statistics,Interpret Results,Statistics,Unit 5: Regression Analysis,影响点与外推,Influential Points and Extrapolation,Compare Fits to Judge Influence and Extrapolation,Remove-and-Range,https://solve-now.s3.us-west-2.amazonaws.com/ap/math-computer-science/atomic-videos/APMCS-APSTAT-032/lesson.html,https://solve-now.s3.us-west-2.amazonaws.com/ap/math-computer-science/atomic-videos/APMCS-APSTAT-032/cover.png
APMCS-APSTAT-033,AP Statistics,Formulate Questions,Statistics,Unit 5: Regression Analysis,变换与非线性模式,Transformations and Nonlinear Patterns,Transform Data to Linearize Exponential or Power Relationships,Transform then interpret,https://solve-now.s3.us-west-2.amazonaws.com/ap/math-computer-science/atomic-videos/APMCS-APSTAT-033/lesson.html,https://solve-now.s3.us-west-2.amazonaws.com/ap/math-computer-science/atomic-videos/APMCS-APSTAT-033/cover.png
APMCS-APSTAT-034,AP Statistics,Collect Data,Statistics,Unit 5: Regression Analysis,回归斜率推断,Inference for Regression Slope,Check Conditions and Construct Slope Interval,t-slope playbook,https://solve-now.s3.us-west-2.amazonaws.com/ap/math-computer-science/atomic-videos/APMCS-APSTAT-034/lesson.html,https://solve-now.s3.us-west-2.amazonaws.com/ap/math-computer-science/atomic-videos/APMCS-APSTAT-034/cover.png
APMCS-APSTAT-035,AP Statistics,Analyze Data,Statistics,Unit 5: Regression Analysis,关联、因果与模型局限,"Association, causation, and model limits in regression",Diagnose Regression to Judge Causation and Limits,ACE the model,https://solve-now.s3.us-west-2.amazonaws.com/ap/math-computer-science/atomic-videos/APMCS-APSTAT-035/lesson.html,https://solve-now.s3.us-west-2.amazonaws.com/ap/math-computer-science/atomic-videos/APMCS-APSTAT-035/cover.png
