id,section,domain,skill,atomic_topic_zh,atomic_topic_en,title,strategy_name,video_url,cover_url
sat-rw-001,Reading and Writing,Craft and Structure,Words in Context,根据上下文判断单词或短语含义,Determine a word or phrase's meaning from context,Decode Word Meaning From Context Clues,Nearby Clues Scan,https://solve-now.s3.us-west-2.amazonaws.com/sat/atomic-videos/sat-rw-001/lesson.html,https://solve-now.s3.us-west-2.amazonaws.com/sat/atomic-videos/sat-rw-001/cover.png
sat-rw-002,Reading and Writing,Craft and Structure,Words in Context,辨析近义词的精确程度、感情色彩和语气,"Distinguish near‑synonyms by precision, connotation, and tone",Distinguish Near-Synonyms by Connotation,Connotation-Precision Match,https://solve-now.s3.us-west-2.amazonaws.com/sat/atomic-videos/sat-rw-002/lesson.html,https://solve-now.s3.us-west-2.amazonaws.com/sat/atomic-videos/sat-rw-002/cover.png
sat-rw-003,Reading and Writing,Craft and Structure,Words in Context,选择最符合句意和文体的词语,Choose the word or phrase that best fits a sentence's meaning and tone,Compare Word Choice To Sentence Tone,Tone+Meaning Match,https://solve-now.s3.us-west-2.amazonaws.com/sat/atomic-videos/sat-rw-003/lesson.html,https://solve-now.s3.us-west-2.amazonaws.com/sat/atomic-videos/sat-rw-003/cover.png
sat-rw-004,Reading and Writing,Craft and Structure,Text Structure and Purpose,识别作者的主要目的和写作意图,Identify the author's primary purpose and intent,Tag An Author's Primary Purpose,PURPOSE TAG,https://solve-now.s3.us-west-2.amazonaws.com/sat/atomic-videos/sat-rw-004/lesson.html,https://solve-now.s3.us-west-2.amazonaws.com/sat/atomic-videos/sat-rw-004/cover.png
sat-rw-005,Reading and Writing,Craft and Structure,Text Structure and Purpose,分析句子、例子或段落在全文中的功能,"Analyze the function of a sentence, example, or paragraph in the passage",Analyze Sentence Function In Context,Local Role Tagging,https://solve-now.s3.us-west-2.amazonaws.com/sat/atomic-videos/sat-rw-005/lesson.html,https://solve-now.s3.us-west-2.amazonaws.com/sat/atomic-videos/sat-rw-005/cover.png
sat-rw-006,Reading and Writing,Craft and Structure,Text Structure and Purpose,识别文本组织方式、论证结构和修辞策略,"Identify text organization patterns, argument structure, and rhetorical strategy",Map Paragraph Organization and Rhetoric,Signal-Map-and-Label,https://solve-now.s3.us-west-2.amazonaws.com/sat/atomic-videos/sat-rw-006/lesson.html,https://solve-now.s3.us-west-2.amazonaws.com/sat/atomic-videos/sat-rw-006/cover.png
sat-rw-007,Reading and Writing,Craft and Structure,Cross-Text Connections,比较两篇文本的观点、结论和证据,"Compare two texts' viewpoints, conclusions, and supporting evidence",Compare Texts' Viewpoints And Evidence,Claim–Evidence Pairing,https://solve-now.s3.us-west-2.amazonaws.com/sat/atomic-videos/sat-rw-007/lesson.html,https://solve-now.s3.us-west-2.amazonaws.com/sat/atomic-videos/sat-rw-007/cover.png
sat-rw-008,Reading and Writing,Craft and Structure,Cross-Text Connections,判断作者之间的一致、分歧或回应关系,"Judge whether two authors agree, disagree, or respond to each other",Compare Author Claims Across Texts,Claim-Target Comparison,https://solve-now.s3.us-west-2.amazonaws.com/sat/atomic-videos/sat-rw-008/lesson.html,https://solve-now.s3.us-west-2.amazonaws.com/sat/atomic-videos/sat-rw-008/cover.png
sat-rw-009,Reading and Writing,Craft and Structure,Cross-Text Connections,推断一位作者会如何评价另一篇文本,Infer how one author would evaluate another text,Infer One Author's Evaluation of Another,Author-Evaluation Mapping,https://solve-now.s3.us-west-2.amazonaws.com/sat/atomic-videos/sat-rw-009/lesson.html,https://solve-now.s3.us-west-2.amazonaws.com/sat/atomic-videos/sat-rw-009/cover.png
sat-rw-010,Reading and Writing,Information and Ideas,Central Ideas and Details,识别主旨、核心观点和最恰当概括,Identify the passage's main idea or best brief summary,Interpret the Passage's Core Sentence,Core-Sentence Summary,https://solve-now.s3.us-west-2.amazonaws.com/sat/atomic-videos/sat-rw-010/lesson.html,https://solve-now.s3.us-west-2.amazonaws.com/sat/atomic-videos/sat-rw-010/cover.png
sat-rw-011,Reading and Writing,Information and Ideas,Central Ideas and Details,定位明确细节及人物、事件、观点之间的关系,"Locate a specific detail and the relationship among people, events, and viewpoints",Trace Relationships Between Named Entities,Relation-Spot Map,https://solve-now.s3.us-west-2.amazonaws.com/sat/atomic-videos/sat-rw-011/lesson.html,https://solve-now.s3.us-west-2.amazonaws.com/sat/atomic-videos/sat-rw-011/cover.png
sat-rw-012,Reading and Writing,Information and Ideas,Central Ideas and Details,区分主要信息与次要信息,Distinguish main idea from supporting details,Compare Main Idea And Supporting Details,Main-Point Filter,https://solve-now.s3.us-west-2.amazonaws.com/sat/atomic-videos/sat-rw-012/lesson.html,https://solve-now.s3.us-west-2.amazonaws.com/sat/atomic-videos/sat-rw-012/cover.png
sat-rw-013,Reading and Writing,Information and Ideas,Command of Evidence — Textual,选择最能支持或削弱某项结论的文本证据,Choose the sentence that best supports or weakens a stated conclusion,Target Sentences To Support Or Weaken,Evidence Targeting,https://solve-now.s3.us-west-2.amazonaws.com/sat/atomic-videos/sat-rw-013/lesson.html,https://solve-now.s3.us-west-2.amazonaws.com/sat/atomic-videos/sat-rw-013/cover.png
sat-rw-014,Reading and Writing,Information and Ideas,Command of Evidence — Textual,判断研究发现、引文或例子与论点的关系,"Judge how a study result, quotation, or example relates to an author's claim",Judge Evidence Relation to Claims,Evidence-Relation Scan,https://solve-now.s3.us-west-2.amazonaws.com/sat/atomic-videos/sat-rw-014/lesson.html,https://solve-now.s3.us-west-2.amazonaws.com/sat/atomic-videos/sat-rw-014/cover.png
sat-rw-015,Reading and Writing,Information and Ideas,Command of Evidence — Textual,补全最符合现有证据的论证,Choose the sentence that best completes an argument consistent with the given evidence,Complete Arguments With Evidence Match,Evidence-Match Completion,https://solve-now.s3.us-west-2.amazonaws.com/sat/atomic-videos/sat-rw-015/lesson.html,https://solve-now.s3.us-west-2.amazonaws.com/sat/atomic-videos/sat-rw-015/cover.png
sat-rw-016,Reading and Writing,Information and Ideas,Command of Evidence — Quantitative,读取表格、柱状图和折线图,"Read numeric values from tables, bar charts, and line graphs",Interpret Numeric Values From Graphs,Direct-Read-and-Compute,https://solve-now.s3.us-west-2.amazonaws.com/sat/atomic-videos/sat-rw-016/lesson.html,https://solve-now.s3.us-west-2.amazonaws.com/sat/atomic-videos/sat-rw-016/cover.png
sat-rw-017,Reading and Writing,Information and Ideas,Command of Evidence — Quantitative,将图表数据与文本主张对应,Match chart data to a textual claim,Match Chart Data to Claims,Targeted Value Check,https://solve-now.s3.us-west-2.amazonaws.com/sat/atomic-videos/sat-rw-017/lesson.html,https://solve-now.s3.us-west-2.amazonaws.com/sat/atomic-videos/sat-rw-017/cover.png
sat-rw-018,Reading and Writing,Information and Ideas,Command of Evidence — Quantitative,选择得到定量证据支持的结论,Choose a conclusion directly supported by quantitative evidence,Compare Numeric Claims To Evidence,Number-to-Statement Match,https://solve-now.s3.us-west-2.amazonaws.com/sat/atomic-videos/sat-rw-018/lesson.html,https://solve-now.s3.us-west-2.amazonaws.com/sat/atomic-videos/sat-rw-018/cover.png
sat-rw-019,Reading and Writing,Information and Ideas,Inferences,根据文本证据作合理推断,Make a reasonable inference supported by textual evidence,Infer Conclusions From Textual Evidence,Evidence-Supported Inference,https://solve-now.s3.us-west-2.amazonaws.com/sat/atomic-videos/sat-rw-019/lesson.html,https://solve-now.s3.us-west-2.amazonaws.com/sat/atomic-videos/sat-rw-019/cover.png
sat-rw-020,Reading and Writing,Information and Ideas,Inferences,完成逻辑上最合理的句子或结论,Complete the most logically reasonable sentence or conclusion,Complete Sentences With Local Logic,Local Logic Match,https://solve-now.s3.us-west-2.amazonaws.com/sat/atomic-videos/sat-rw-020/lesson.html,https://solve-now.s3.us-west-2.amazonaws.com/sat/atomic-videos/sat-rw-020/cover.png
sat-rw-021,Reading and Writing,Information and Ideas,Inferences,识别文章隐含但未直接陈述的信息,Identify information implied but not directly stated,Interpret Implied Ideas From Anchors,Implicit-Anchor Strategy,https://solve-now.s3.us-west-2.amazonaws.com/sat/atomic-videos/sat-rw-021/lesson.html,https://solve-now.s3.us-west-2.amazonaws.com/sat/atomic-videos/sat-rw-021/cover.png
sat-rw-022,Reading and Writing,Standard English Conventions,Boundaries,独立分句、从属分句与短语结构,"Recognize independent clauses, subordinate clauses, and phrase structures",Identify Clauses and Phrase Structures,Clause-Type Scan,https://solve-now.s3.us-west-2.amazonaws.com/sat/atomic-videos/sat-rw-022/lesson.html,https://solve-now.s3.us-west-2.amazonaws.com/sat/atomic-videos/sat-rw-022/cover.png
sat-rw-023,Reading and Writing,Standard English Conventions,Boundaries,句子残缺、粘连句和 comma splice,"Sentence fragments, run-ons, and comma splices",Revise Sentence Fragments and Comma Splices,Independent-Clause Split Test,https://solve-now.s3.us-west-2.amazonaws.com/sat/atomic-videos/sat-rw-023/lesson.html,https://solve-now.s3.us-west-2.amazonaws.com/sat/atomic-videos/sat-rw-023/cover.png
sat-rw-024,Reading and Writing,Standard English Conventions,Boundaries,句号、分号、冒号、破折号和逗号的使用,"Using periods, semicolons, colons, dashes, and commas to mark sentence boundaries",Choose Sentence-Finishing Punctuation Precisely,Punctuation-Purpose Match,https://solve-now.s3.us-west-2.amazonaws.com/sat/atomic-videos/sat-rw-024/lesson.html,https://solve-now.s3.us-west-2.amazonaws.com/sat/atomic-videos/sat-rw-024/cover.png
sat-rw-025,Reading and Writing,Standard English Conventions,Boundaries,非限制性信息、插入语和同位语的标点,"Punctuating nonrestrictive information, parenthetical elements, and appositives",Bracket Nonrestrictive Phrases With Commas,Bracket the Extra Info,https://solve-now.s3.us-west-2.amazonaws.com/sat/atomic-videos/sat-rw-025/lesson.html,https://solve-now.s3.us-west-2.amazonaws.com/sat/atomic-videos/sat-rw-025/cover.png
sat-rw-026,Reading and Writing,Standard English Conventions,"Form, Structure, and Sense",主谓一致与动词时态、语态和形式,"Subject-verb agreement with verb tense, voice, and form",Align Verb Form With Time Markers,Tense-Form Match,https://solve-now.s3.us-west-2.amazonaws.com/sat/atomic-videos/sat-rw-026/lesson.html,https://solve-now.s3.us-west-2.amazonaws.com/sat/atomic-videos/sat-rw-026/cover.png
sat-rw-027,Reading and Writing,Standard English Conventions,"Form, Structure, and Sense",代词指代、一致性和格,"Pronoun reference, agreement, and case",Match Pronouns to Antecedents,Pronoun-Target Match,https://solve-now.s3.us-west-2.amazonaws.com/sat/atomic-videos/sat-rw-027/lesson.html,https://solve-now.s3.us-west-2.amazonaws.com/sat/atomic-videos/sat-rw-027/cover.png
sat-rw-028,Reading and Writing,Standard English Conventions,"Form, Structure, and Sense",修饰语位置与逻辑主语,Placing modifiers so they clearly attach to the correct logical subject,Revise Modifier Placement for Clarity,Attach-to-Subject,https://solve-now.s3.us-west-2.amazonaws.com/sat/atomic-videos/sat-rw-028/lesson.html,https://solve-now.s3.us-west-2.amazonaws.com/sat/atomic-videos/sat-rw-028/cover.png
sat-rw-029,Reading and Writing,Standard English Conventions,"Form, Structure, and Sense",名词单复数、所有格与限定关系,"Noun number, possessive forms, and determiner relationships",Match Determiners to Grammatical Heads,Determiner–Possessive Match,https://solve-now.s3.us-west-2.amazonaws.com/sat/atomic-videos/sat-rw-029/lesson.html,https://solve-now.s3.us-west-2.amazonaws.com/sat/atomic-videos/sat-rw-029/cover.png
sat-rw-030,Reading and Writing,Standard English Conventions,"Form, Structure, and Sense",平行结构和句子成分的逻辑一致性,Parallel structure and logical consistency of sentence elements,Revise Parallel Sentence Elements,Parallel Elements Swap,https://solve-now.s3.us-west-2.amazonaws.com/sat/atomic-videos/sat-rw-030/lesson.html,https://solve-now.s3.us-west-2.amazonaws.com/sat/atomic-videos/sat-rw-030/cover.png
sat-rw-031,Reading and Writing,Expression of Ideas,Rhetorical Synthesis,根据写作目标筛选笔记中的相关信息,Select notes relevant to a specific writing goal,Select Notes For One Writing Goal,Goal-Filter Note Selection,https://solve-now.s3.us-west-2.amazonaws.com/sat/atomic-videos/sat-rw-031/lesson.html,https://solve-now.s3.us-west-2.amazonaws.com/sat/atomic-videos/sat-rw-031/cover.png
sat-rw-032,Reading and Writing,Expression of Ideas,Rhetorical Synthesis,综合多个事实、观点或研究结果,"Synthesize multiple facts, viewpoints, or research findings",Connect Multiple Facts Into One Sentence,Point-and-Link Synthesis,https://solve-now.s3.us-west-2.amazonaws.com/sat/atomic-videos/sat-rw-032/lesson.html,https://solve-now.s3.us-west-2.amazonaws.com/sat/atomic-videos/sat-rw-032/cover.png
sat-rw-033,Reading and Writing,Expression of Ideas,Rhetorical Synthesis,完成介绍、概括、比较、强调或举例等写作任务,"Complete a sentence that introduces, summarizes, compares, emphasizes, or provides an example",Match Sentences To Their Rhetorical Role,Role-and-Relation Fit,https://solve-now.s3.us-west-2.amazonaws.com/sat/atomic-videos/sat-rw-033/lesson.html,https://solve-now.s3.us-west-2.amazonaws.com/sat/atomic-videos/sat-rw-033/cover.png
sat-rw-034,Reading and Writing,Expression of Ideas,Rhetorical Synthesis,保持信息准确、简洁并符合指定受众,"Keep information accurate, concise, and appropriate for a specified audience",Trim Sentences For Audience And Accuracy,Audience-Trim-and-Target,https://solve-now.s3.us-west-2.amazonaws.com/sat/atomic-videos/sat-rw-034/lesson.html,https://solve-now.s3.us-west-2.amazonaws.com/sat/atomic-videos/sat-rw-034/cover.png
sat-rw-035,Reading and Writing,Expression of Ideas,Transitions,递进与补充关系,Additive and Progressive Transitions (signals that add information or show increase),Apply Additive And Progressive Transitions,Add/Progress Fit,https://solve-now.s3.us-west-2.amazonaws.com/sat/atomic-videos/sat-rw-035/lesson.html,https://solve-now.s3.us-west-2.amazonaws.com/sat/atomic-videos/sat-rw-035/cover.png
sat-rw-036,Reading and Writing,Expression of Ideas,Transitions,转折、让步与对比关系,"Contrast, Concession, and Comparison Transitions",Match Transitions to Clause Relations,Signal-and-Form Match,https://solve-now.s3.us-west-2.amazonaws.com/sat/atomic-videos/sat-rw-036/lesson.html,https://solve-now.s3.us-west-2.amazonaws.com/sat/atomic-videos/sat-rw-036/cover.png
sat-rw-037,Reading and Writing,Expression of Ideas,Transitions,因果、结果与目的关系,"Cause, result, and purpose relationships","Connect Cause, Result, and Purpose Signals",Signal→Role→Match,https://solve-now.s3.us-west-2.amazonaws.com/sat/atomic-videos/sat-rw-037/lesson.html,https://solve-now.s3.us-west-2.amazonaws.com/sat/atomic-videos/sat-rw-037/cover.png
sat-rw-038,Reading and Writing,Expression of Ideas,Transitions,时间顺序、举例和总结关系,"Recognize transitions that signal time order, examples, or summaries",Decode Transition Words By Role,Signal-Word Scan,https://solve-now.s3.us-west-2.amazonaws.com/sat/atomic-videos/sat-rw-038/lesson.html,https://solve-now.s3.us-west-2.amazonaws.com/sat/atomic-videos/sat-rw-038/cover.png
sat-math-001,Math,Algebra,Linear Equations in One Variable,解一元一次方程和含参数方程,"Solve linear equations in one variable, including equations that contain a parameter",Solve One-Variable Linear Equations With Parameters,Isolate-and-Collect,https://solve-now.s3.us-west-2.amazonaws.com/sat/atomic-videos/sat-math-001/lesson.html,https://solve-now.s3.us-west-2.amazonaws.com/sat/atomic-videos/sat-math-001/cover.png
sat-math-002,Math,Algebra,Linear Equations in One Variable,判断无解、唯一解或无穷多解,"Determine whether a linear equation has no solution, exactly one solution, or infinitely many solutions",Compare Coefficients to Classify Solutions,Compare simplified coefficients-and-constants,https://solve-now.s3.us-west-2.amazonaws.com/sat/atomic-videos/sat-math-002/lesson.html,https://solve-now.s3.us-west-2.amazonaws.com/sat/atomic-videos/sat-math-002/cover.png
sat-math-003,Math,Algebra,Linear Equations in One Variable,建立并求解线性情境模型,Set up and solve a linear model from a one-variable situation,Translate Situations Into One-Variable Models,Isolate-the-variable Model Build,https://solve-now.s3.us-west-2.amazonaws.com/sat/atomic-videos/sat-math-003/lesson.html,https://solve-now.s3.us-west-2.amazonaws.com/sat/atomic-videos/sat-math-003/cover.png
sat-math-004,Math,Algebra,Linear Equations in Two Variables,斜截式、点斜式和标准式之间的转换,"Convert between point-slope, slope-intercept, and standard (Ax+By=C) forms",Convert Between Linear Equation Forms,Form-Switch Method,https://solve-now.s3.us-west-2.amazonaws.com/sat/atomic-videos/sat-math-004/lesson.html,https://solve-now.s3.us-west-2.amazonaws.com/sat/atomic-videos/sat-math-004/cover.png
sat-math-005,Math,Algebra,Linear Equations in Two Variables,根据图像、表格或条件建立直线方程,"Formulate a linear equation from given graph, table, or conditions",Model a Line From Two Conditions,Two-Condition Solve,https://solve-now.s3.us-west-2.amazonaws.com/sat/atomic-videos/sat-math-005/lesson.html,https://solve-now.s3.us-west-2.amazonaws.com/sat/atomic-videos/sat-math-005/cover.png
sat-math-006,Math,Algebra,Linear Equations in Two Variables,理解斜率、截距和坐标点的意义,"Interpret the meaning of slope, y-intercept, and whether a coordinate point lies on a given line","Interpret Slope, Y-Intercept, and Point Membership",Equation-to-Meaning Check,https://solve-now.s3.us-west-2.amazonaws.com/sat/atomic-videos/sat-math-006/lesson.html,https://solve-now.s3.us-west-2.amazonaws.com/sat/atomic-videos/sat-math-006/cover.png
sat-math-007,Math,Algebra,Linear Functions,函数表示法、定义域和值域,Function notation: identifying domain and range from an expression,Determine Domain and Range From Expression,Input‑Output Feasibility,https://solve-now.s3.us-west-2.amazonaws.com/sat/atomic-videos/sat-math-007/lesson.html,https://solve-now.s3.us-west-2.amazonaws.com/sat/atomic-videos/sat-math-007/cover.png
sat-math-008,Math,Algebra,Linear Functions,变化率、初始值和线性增长模型,"Rate of change, initial value, and linear growth model",Model Linear Growth With Slope-Intercept,Slope-Intercept Match,https://solve-now.s3.us-west-2.amazonaws.com/sat/atomic-videos/sat-math-008/lesson.html,https://solve-now.s3.us-west-2.amazonaws.com/sat/atomic-videos/sat-math-008/cover.png
sat-math-009,Math,Algebra,Linear Functions,在方程、图像、表格和情境之间转换,"Translate a linear relationship between equation, table, graph, and context",Translate Linear Relations Across Representations,Two-Point Mapping,https://solve-now.s3.us-west-2.amazonaws.com/sat/atomic-videos/sat-math-009/lesson.html,https://solve-now.s3.us-west-2.amazonaws.com/sat/atomic-videos/sat-math-009/cover.png
sat-math-010,Math,Algebra,Systems of Two Linear Equations in Two Variables,代入法、消元法和图像法,Use the elimination method to solve a system of two linear equations in two variables,Solve Systems Using Targeted Elimination,Targeted Elimination,https://solve-now.s3.us-west-2.amazonaws.com/sat/atomic-videos/sat-math-010/lesson.html,https://solve-now.s3.us-west-2.amazonaws.com/sat/atomic-videos/sat-math-010/cover.png
sat-math-011,Math,Algebra,Systems of Two Linear Equations in Two Variables,方程组解的数量及两直线位置关系,Classify a two-equation linear system by number of solutions and relative positions of the two lines,Classify Linear Systems by Coefficient Ratios,Compare-Coefficients Ratio Test,https://solve-now.s3.us-west-2.amazonaws.com/sat/atomic-videos/sat-math-011/lesson.html,https://solve-now.s3.us-west-2.amazonaws.com/sat/atomic-videos/sat-math-011/cover.png
sat-math-012,Math,Algebra,Systems of Two Linear Equations in Two Variables,建立并解释实际情境中的方程组,Set up and interpret a system of two linear equations from a real situation,Translate Situations Into Two-Equation Systems,Equation-Pair Builder,https://solve-now.s3.us-west-2.amazonaws.com/sat/atomic-videos/sat-math-012/lesson.html,https://solve-now.s3.us-west-2.amazonaws.com/sat/atomic-videos/sat-math-012/cover.png
sat-math-013,Math,Algebra,Linear Inequalities in One or Two Variables,解一元一次不等式和复合不等式,Solve linear inequalities and compound inequalities in one variable,Solve Compound Linear Inequalities Efficiently,Balance-and-Intersect,https://solve-now.s3.us-west-2.amazonaws.com/sat/atomic-videos/sat-math-013/lesson.html,https://solve-now.s3.us-west-2.amazonaws.com/sat/atomic-videos/sat-math-013/cover.png
sat-math-014,Math,Algebra,Linear Inequalities in One or Two Variables,在坐标平面表示二元不等式解集,Graph the solution set of a two-variable inequality on the coordinate plane,Graph Two-Variable Inequality Solution Sets,Plug–Compare–Boundary,https://solve-now.s3.us-west-2.amazonaws.com/sat/atomic-videos/sat-math-014/lesson.html,https://solve-now.s3.us-west-2.amazonaws.com/sat/atomic-videos/sat-math-014/cover.png
sat-math-015,Math,Algebra,Linear Inequalities in One or Two Variables,建立并解释约束条件模型,Formulate and interpret constraint inequalities from problem conditions,Formulate Constraint Inequalities From Resources,Resource-to-Inequality Translation,https://solve-now.s3.us-west-2.amazonaws.com/sat/atomic-videos/sat-math-015/lesson.html,https://solve-now.s3.us-west-2.amazonaws.com/sat/atomic-videos/sat-math-015/cover.png
sat-math-016,Math,Advanced Math,Equivalent Expressions,展开、合并、因式分解和配方,"Expand, combine like terms, factor, and complete the square for quadratic expressions",Transform Quadratics Into Completed-Square Form,Targeted Quadratic Rewrite,https://solve-now.s3.us-west-2.amazonaws.com/sat/atomic-videos/sat-math-016/lesson.html,https://solve-now.s3.us-west-2.amazonaws.com/sat/atomic-videos/sat-math-016/cover.png
sat-math-017,Math,Advanced Math,Equivalent Expressions,指数式、根式和分式的等价变形,"Equivalent transformations of exponential, radical, and rational expressions","Transform Exponential, Radical, and Rational Expressions",Exponent Conversion and Canceling,https://solve-now.s3.us-west-2.amazonaws.com/sat/atomic-videos/sat-math-017/lesson.html,https://solve-now.s3.us-west-2.amazonaws.com/sat/atomic-videos/sat-math-017/cover.png
sat-math-018,Math,Advanced Math,Equivalent Expressions,利用结构重写多项式与有理式,Use algebraic structure to rewrite polynomials and rational expressions,Rewrite Rational Expressions By Factoring,Structure-Factor-and-Cancel,https://solve-now.s3.us-west-2.amazonaws.com/sat/atomic-videos/sat-math-018/lesson.html,https://solve-now.s3.us-west-2.amazonaws.com/sat/atomic-videos/sat-math-018/cover.png
sat-math-019,Math,Advanced Math,Nonlinear Equations in One Variable,二次方程：因式分解、配方法和求根公式,Solve quadratic equations using the quadratic formula,Solve Quadratics With the Quadratic Formula,Quadratic Formula Routine,https://solve-now.s3.us-west-2.amazonaws.com/sat/atomic-videos/sat-math-019/lesson.html,https://solve-now.s3.us-west-2.amazonaws.com/sat/atomic-videos/sat-math-019/cover.png
sat-math-020,Math,Advanced Math,Nonlinear Equations in One Variable,绝对值、根式、分式和指数方程,"Equations involving absolute values, radicals, rational expressions, and exponents",Solve Equations With Special Expressions,Isolate–Inverse–Check,https://solve-now.s3.us-west-2.amazonaws.com/sat/atomic-videos/sat-math-020/lesson.html,https://solve-now.s3.us-west-2.amazonaws.com/sat/atomic-videos/sat-math-020/cover.png
sat-math-021,Math,Advanced Math,Nonlinear Equations in One Variable,根的个数、增根与解的合理性,"Count roots, detect extraneous roots, and check solution reasonableness",Count Roots And Remove Extraneous Solutions,Domain-Transform-Check,https://solve-now.s3.us-west-2.amazonaws.com/sat/atomic-videos/sat-math-021/lesson.html,https://solve-now.s3.us-west-2.amazonaws.com/sat/atomic-videos/sat-math-021/cover.png
sat-math-022,Math,Advanced Math,Systems of Equations in Two Variables,一次函数与非线性函数的交点,Find intersections of a linear function and a nonlinear function,Find Line–Curve Intersection Points,Set-and-Solve by Rearrangement,https://solve-now.s3.us-west-2.amazonaws.com/sat/atomic-videos/sat-math-022/lesson.html,https://solve-now.s3.us-west-2.amazonaws.com/sat/atomic-videos/sat-math-022/cover.png
sat-math-023,Math,Advanced Math,Systems of Equations in Two Variables,通过代入、消元或图像求解非线性方程组,Solve a nonlinear system of two equations using substitution,Solve Nonlinear Systems by Substitution,Substitution for Nonlinear Systems,https://solve-now.s3.us-west-2.amazonaws.com/sat/atomic-videos/sat-math-023/lesson.html,https://solve-now.s3.us-west-2.amazonaws.com/sat/atomic-videos/sat-math-023/cover.png
sat-math-024,Math,Advanced Math,Systems of Equations in Two Variables,用交点解释实际情境中的共同条件,Interpret an intersection as the common condition in a real-world two-equation system,Interpret Intersections As Shared Conditions,Set-Equal-and-Verify,https://solve-now.s3.us-west-2.amazonaws.com/sat/atomic-videos/sat-math-024/lesson.html,https://solve-now.s3.us-west-2.amazonaws.com/sat/atomic-videos/sat-math-024/cover.png
sat-math-025,Math,Advanced Math,Nonlinear Functions,二次、指数、多项式、分式和根式函数,"Classify nonlinear functions by algebraic form (quadratic, exponential, polynomial, rational, radical)",Classify Nonlinear Functions by Form,Form-Based Identification,https://solve-now.s3.us-west-2.amazonaws.com/sat/atomic-videos/sat-math-025/lesson.html,https://solve-now.s3.us-west-2.amazonaws.com/sat/atomic-videos/sat-math-025/cover.png
sat-math-026,Math,Advanced Math,Nonlinear Functions,零点、截距、顶点、最大值和最小值,"Identify zeros, intercepts, vertex, and maximum/minimum of a nonlinear function from its equation",Identify Nonlinear Function Features From Equations,Feature-From-Form,https://solve-now.s3.us-west-2.amazonaws.com/sat/atomic-videos/sat-math-026/lesson.html,https://solve-now.s3.us-west-2.amazonaws.com/sat/atomic-videos/sat-math-026/cover.png
sat-math-027,Math,Advanced Math,Nonlinear Functions,函数平移、伸缩、反射与参数影响,"How parameters cause horizontal/vertical shifts, stretches/compressions, and reflections of a function",Interpret Function Transformations Stepwise,Outer-Inner Parameter Read,https://solve-now.s3.us-west-2.amazonaws.com/sat/atomic-videos/sat-math-027/lesson.html,https://solve-now.s3.us-west-2.amazonaws.com/sat/atomic-videos/sat-math-027/cover.png
sat-math-028,Math,Advanced Math,Nonlinear Functions,根据图像、表格或情境建立非线性模型,"Build a nonlinear model from a graph, table, or scenario",Build Nonlinear Models From Data,Ratio Test Fit,https://solve-now.s3.us-west-2.amazonaws.com/sat/atomic-videos/sat-math-028/lesson.html,https://solve-now.s3.us-west-2.amazonaws.com/sat/atomic-videos/sat-math-028/cover.png
sat-math-029,Math,Problem-Solving and Data Analysis,"Ratios, Rates, Proportional Relationships, and Units",比、单位率、正比例与比例尺,"Ratios, unit rates, direct proportional relationships, and scale",Transform Measurements With Scale Factors,Scale-Factor Multiply,https://solve-now.s3.us-west-2.amazonaws.com/sat/atomic-videos/sat-math-029/lesson.html,https://solve-now.s3.us-west-2.amazonaws.com/sat/atomic-videos/sat-math-029/cover.png
sat-math-030,Math,Problem-Solving and Data Analysis,"Ratios, Rates, Proportional Relationships, and Units",单位换算、复合单位与量纲分析,"Unit conversions, compound units, and dimensional analysis",Convert Compound Units With Dimensional Checks,Align-and-Cancel Dimensional Check,https://solve-now.s3.us-west-2.amazonaws.com/sat/atomic-videos/sat-math-030/lesson.html,https://solve-now.s3.us-west-2.amazonaws.com/sat/atomic-videos/sat-math-030/cover.png
sat-math-031,Math,Problem-Solving and Data Analysis,"Ratios, Rates, Proportional Relationships, and Units",速度、密度、单价等现实模型,"Modeling real-world rates: speed, density, and unit price",Model Real-World Rates With Units,Build-and-Use Rate Model,https://solve-now.s3.us-west-2.amazonaws.com/sat/atomic-videos/sat-math-031/lesson.html,https://solve-now.s3.us-west-2.amazonaws.com/sat/atomic-videos/sat-math-031/cover.png
sat-math-032,Math,Problem-Solving and Data Analysis,Percentages,百分比、百分比变化和百分位比较,"Percentages, percent change, and comparing percents",Compare Percentages Using Common Baselines,Convert-Compare-Anchor,https://solve-now.s3.us-west-2.amazonaws.com/sat/atomic-videos/sat-math-032/lesson.html,https://solve-now.s3.us-west-2.amazonaws.com/sat/atomic-videos/sat-math-032/cover.png
sat-math-033,Math,Problem-Solving and Data Analysis,Percentages,折扣、税率、利率和增长衰减情境,"Applying percentage rates in context: discounts, taxes, interest, and growth/decay",Model Percentage Changes With Factor Chaining,Percent-Factor Chaining,https://solve-now.s3.us-west-2.amazonaws.com/sat/atomic-videos/sat-math-033/lesson.html,https://solve-now.s3.us-west-2.amazonaws.com/sat/atomic-videos/sat-math-033/cover.png
sat-math-034,Math,Problem-Solving and Data Analysis,One-Variable Data,均值、中位数、众数、极差和四分位距,"Interquartile range (IQR): calculate Q1, Q3, and IQR for a one-variable data set",Compute IQR By Splitting Medians,Half-Median IQR,https://solve-now.s3.us-west-2.amazonaws.com/sat/atomic-videos/sat-math-034/lesson.html,https://solve-now.s3.us-west-2.amazonaws.com/sat/atomic-videos/sat-math-034/cover.png
sat-math-035,Math,Problem-Solving and Data Analysis,One-Variable Data,数据分布、离群值及中心与离散程度,Identifying outliers from a distribution using gaps,Compare Outliers Using Gap Rule,Gap-Based Outlier Rule,https://solve-now.s3.us-west-2.amazonaws.com/sat/atomic-videos/sat-math-035/lesson.html,https://solve-now.s3.us-west-2.amazonaws.com/sat/atomic-videos/sat-math-035/cover.png
sat-math-036,Math,Problem-Solving and Data Analysis,One-Variable Data,比较不同数据集和图形表示,Compare values across different datasets and graphical displays,Compare Values Across Data Displays,Match-and-Compare Bars,https://solve-now.s3.us-west-2.amazonaws.com/sat/atomic-videos/sat-math-036/lesson.html,https://solve-now.s3.us-west-2.amazonaws.com/sat/atomic-videos/sat-math-036/cover.png
sat-math-037,Math,Problem-Solving and Data Analysis,Two-Variable Data,散点图、相关方向和相关强度,Scatter plots: direction and strength of correlation,Interpret Scatter-Plot Correlation Direction and Strength,Direction-and-Spread Check,https://solve-now.s3.us-west-2.amazonaws.com/sat/atomic-videos/sat-math-037/lesson.html,https://solve-now.s3.us-west-2.amazonaws.com/sat/atomic-videos/sat-math-037/cover.png
sat-math-038,Math,Problem-Solving and Data Analysis,Two-Variable Data,最佳拟合线、斜率与截距的情境含义,Contextual meaning of slope and intercept of a best-fit line,Interpret Slope And Intercept Contextually,Slope–Intercept Context Mapping,https://solve-now.s3.us-west-2.amazonaws.com/sat/atomic-videos/sat-math-038/lesson.html,https://solve-now.s3.us-west-2.amazonaws.com/sat/atomic-videos/sat-math-038/cover.png
sat-math-039,Math,Problem-Solving and Data Analysis,Two-Variable Data,线性或指数模型的预测与比较,Predicting and comparing values from linear vs. exponential models,Compare Linear And Exponential Predictions,"Model-Form, Evaluate, Compare",https://solve-now.s3.us-west-2.amazonaws.com/sat/atomic-videos/sat-math-039/lesson.html,https://solve-now.s3.us-west-2.amazonaws.com/sat/atomic-videos/sat-math-039/cover.png
sat-math-040,Math,Problem-Solving and Data Analysis,Probability and Conditional Probability,简单概率、复合概率和条件概率,"Simple, compound, and conditional probability",Compute Conditional And Compound Probabilities,Condition-Reduce-Compute,https://solve-now.s3.us-west-2.amazonaws.com/sat/atomic-videos/sat-math-040/lesson.html,https://solve-now.s3.us-west-2.amazonaws.com/sat/atomic-videos/sat-math-040/cover.png
sat-math-041,Math,Problem-Solving and Data Analysis,Probability and Conditional Probability,频数表、双向表和集合关系,"Interpreting frequency tables, two-way tables, and set relationships",Interpret Two-Way Tables for Unions,Table-to-Union Count,https://solve-now.s3.us-west-2.amazonaws.com/sat/atomic-videos/sat-math-041/lesson.html,https://solve-now.s3.us-west-2.amazonaws.com/sat/atomic-videos/sat-math-041/cover.png
sat-math-042,Math,Problem-Solving and Data Analysis,Inference from Sample Statistics and Margin of Error,由样本统计量估计总体,Estimate a population parameter using a sample statistic (point estimate),Estimate Population Parameters With Point Estimates,Sample-as-Point-Estimate,https://solve-now.s3.us-west-2.amazonaws.com/sat/atomic-videos/sat-math-042/lesson.html,https://solve-now.s3.us-west-2.amazonaws.com/sat/atomic-videos/sat-math-042/cover.png
sat-math-043,Math,Problem-Solving and Data Analysis,Inference from Sample Statistics and Margin of Error,样本量与误差范围的关系,How margin of error changes with sample size,Scale Margin of Error With Sample Size,√n Scaling,https://solve-now.s3.us-west-2.amazonaws.com/sat/atomic-videos/sat-math-043/lesson.html,https://solve-now.s3.us-west-2.amazonaws.com/sat/atomic-videos/sat-math-043/cover.png
sat-math-044,Math,Problem-Solving and Data Analysis,Inference from Sample Statistics and Margin of Error,判断抽样结论的合理性,Assess whether a conclusion drawn from a sample is reasonable,Assess Sample-Based Conclusions Using MOE,Margin Plausibility Check,https://solve-now.s3.us-west-2.amazonaws.com/sat/atomic-videos/sat-math-044/lesson.html,https://solve-now.s3.us-west-2.amazonaws.com/sat/atomic-videos/sat-math-044/cover.png
sat-math-045,Math,Problem-Solving and Data Analysis,Evaluating Statistical Claims,观察性研究与实验的区别,Distinguish an observational study from an experiment,Compare Experiments And Observational Studies,Intervention-Check,https://solve-now.s3.us-west-2.amazonaws.com/sat/atomic-videos/sat-math-045/lesson.html,https://solve-now.s3.us-west-2.amazonaws.com/sat/atomic-videos/sat-math-045/cover.png
sat-math-046,Math,Problem-Solving and Data Analysis,Evaluating Statistical Claims,随机抽样、随机分组与代表性,"Random sampling, random assignment, and representativeness",Evaluate Sampling and Representativeness Signals,Signal-to-Representativeness Test,https://solve-now.s3.us-west-2.amazonaws.com/sat/atomic-videos/sat-math-046/lesson.html,https://solve-now.s3.us-west-2.amazonaws.com/sat/atomic-videos/sat-math-046/cover.png
sat-math-047,Math,Problem-Solving and Data Analysis,Evaluating Statistical Claims,相关关系与因果关系,Distinguish correlation from causation,Distinguish Correlation From Causation Signals,Causation Check,https://solve-now.s3.us-west-2.amazonaws.com/sat/atomic-videos/sat-math-047/lesson.html,https://solve-now.s3.us-west-2.amazonaws.com/sat/atomic-videos/sat-math-047/cover.png
sat-math-048,Math,Problem-Solving and Data Analysis,Evaluating Statistical Claims,识别偏差、混杂变量和过度推断,"Identify bias, confounding variables, and over‑inference in statistical claims",Evaluate Statistical Claims For Bias,Claim-Source-Confound Check,https://solve-now.s3.us-west-2.amazonaws.com/sat/atomic-videos/sat-math-048/lesson.html,https://solve-now.s3.us-west-2.amazonaws.com/sat/atomic-videos/sat-math-048/cover.png
sat-math-049,Math,Geometry and Trigonometry,Area and Volume,三角形、四边形和圆的面积,"Find areas of triangles, quadrilaterals, and circles",Solve Composite Shape Area Problems,Shape-by-shape area sum,https://solve-now.s3.us-west-2.amazonaws.com/sat/atomic-videos/sat-math-049/lesson.html,https://solve-now.s3.us-west-2.amazonaws.com/sat/atomic-videos/sat-math-049/cover.png
sat-math-050,Math,Geometry and Trigonometry,Area and Volume,棱柱、圆柱、棱锥、圆锥和球的体积,"Volumes of prisms, cylinders, pyramids, cones, and spheres",Compute Volumes Using Base Areas,Base-Area then Scale,https://solve-now.s3.us-west-2.amazonaws.com/sat/atomic-videos/sat-math-050/lesson.html,https://solve-now.s3.us-west-2.amazonaws.com/sat/atomic-videos/sat-math-050/cover.png
sat-math-051,Math,Geometry and Trigonometry,Area and Volume,相似图形的长度、面积和体积缩放,"Scaling of lengths, areas, and volumes in similar figures",Model Scaling in Similar Figures,Scale-Power Method,https://solve-now.s3.us-west-2.amazonaws.com/sat/atomic-videos/sat-math-051/lesson.html,https://solve-now.s3.us-west-2.amazonaws.com/sat/atomic-videos/sat-math-051/cover.png
sat-math-052,Math,Geometry and Trigonometry,"Lines, Angles, and Triangles",平行线、截线及角度关系,"Parallel lines, a transversal, and angle relationships",Connect Parallel Line Transversal Angles,Angle-Pair Match,https://solve-now.s3.us-west-2.amazonaws.com/sat/atomic-videos/sat-math-052/lesson.html,https://solve-now.s3.us-west-2.amazonaws.com/sat/atomic-videos/sat-math-052/cover.png
sat-math-053,Math,Geometry and Trigonometry,"Lines, Angles, and Triangles",三角形内外角、全等与相似,Triangle interior and exterior angles; congruence and similarity,Solve Triangle Exterior Angles With Remotes,Remote-Interior Sum,https://solve-now.s3.us-west-2.amazonaws.com/sat/atomic-videos/sat-math-053/lesson.html,https://solve-now.s3.us-west-2.amazonaws.com/sat/atomic-videos/sat-math-053/cover.png
sat-math-054,Math,Geometry and Trigonometry,"Lines, Angles, and Triangles",坐标几何中的距离、中点和斜率,Slope between two points in coordinate geometry,Compute Slope Between Two Points,Two-Point Slope Check,https://solve-now.s3.us-west-2.amazonaws.com/sat/atomic-videos/sat-math-054/lesson.html,https://solve-now.s3.us-west-2.amazonaws.com/sat/atomic-videos/sat-math-054/cover.png
sat-math-055,Math,Geometry and Trigonometry,Right Triangles and Trigonometry,勾股定理与直角三角形边长,Pythagorean theorem for right-triangle side lengths,Solve Right-Triangle Sides With Pythagoras,Pythagorean solve,https://solve-now.s3.us-west-2.amazonaws.com/sat/atomic-videos/sat-math-055/lesson.html,https://solve-now.s3.us-west-2.amazonaws.com/sat/atomic-videos/sat-math-055/cover.png
sat-math-056,Math,Geometry and Trigonometry,Right Triangles and Trigonometry,30-60-90 与 45-45-90 特殊三角形,30-60-90 and 45-45-90 special right triangles,Model 30-60-90 And 45-45-90 Ratios,Special-Triangle Ratio Replace,https://solve-now.s3.us-west-2.amazonaws.com/sat/atomic-videos/sat-math-056/lesson.html,https://solve-now.s3.us-west-2.amazonaws.com/sat/atomic-videos/sat-math-056/cover.png
sat-math-057,Math,Geometry and Trigonometry,Right Triangles and Trigonometry,正弦、余弦和正切,"Sine, cosine, and tangent (define and compute trig ratios in right triangles)",Solve Trig Ratios in Right Triangles,Three-step Ratio Pick,https://solve-now.s3.us-west-2.amazonaws.com/sat/atomic-videos/sat-math-057/lesson.html,https://solve-now.s3.us-west-2.amazonaws.com/sat/atomic-videos/sat-math-057/cover.png
sat-math-058,Math,Geometry and Trigonometry,Right Triangles and Trigonometry,仰角、俯角及实际测量问题,Angles of elevation and depression for real-world measurements,Model Heights With Elevation Angles,Opposite/Adjacent Ratio Method,https://solve-now.s3.us-west-2.amazonaws.com/sat/atomic-videos/sat-math-058/lesson.html,https://solve-now.s3.us-west-2.amazonaws.com/sat/atomic-videos/sat-math-058/cover.png
sat-math-059,Math,Geometry and Trigonometry,Circles,半径、直径、周长和面积,"Radius, Diameter, Circumference, and Area",Compute Circle Area From Diameter,Diameter-to-Radius Conversion,https://solve-now.s3.us-west-2.amazonaws.com/sat/atomic-videos/sat-math-059/lesson.html,https://solve-now.s3.us-west-2.amazonaws.com/sat/atomic-videos/sat-math-059/cover.png
sat-math-060,Math,Geometry and Trigonometry,Circles,圆心角、圆周角、弧长和扇形面积,"Central angles, inscribed angles, arc length, and sector area",Transform Angles Into Sector Measures,Angle-to-Measure Conversion,https://solve-now.s3.us-west-2.amazonaws.com/sat/atomic-videos/sat-math-060/lesson.html,https://solve-now.s3.us-west-2.amazonaws.com/sat/atomic-videos/sat-math-060/cover.png
sat-math-061,Math,Geometry and Trigonometry,Circles,切线、弦及相关角度关系,Angle relationships involving a tangent and a chord,Match Tangent–Chord Angles to Arcs,Tangent–Chord Angle Match,https://solve-now.s3.us-west-2.amazonaws.com/sat/atomic-videos/sat-math-061/lesson.html,https://solve-now.s3.us-west-2.amazonaws.com/sat/atomic-videos/sat-math-061/cover.png
sat-math-062,Math,Geometry and Trigonometry,Circles,坐标平面中的圆方程,Equation of a circle in the coordinate plane (standard form),Form Circle Equations From Center and Point,Center-to-Equation Substitution,https://solve-now.s3.us-west-2.amazonaws.com/sat/atomic-videos/sat-math-062/lesson.html,https://solve-now.s3.us-west-2.amazonaws.com/sat/atomic-videos/sat-math-062/cover.png
